id,name,binding,binding_strength,bli_kinetic_curves,expressed,expression-yield,kd,koff,kon,neutralization
azure-wolf-maple,control-6CMI_3,True,Strong,{'url': 'https://proteinbase-pub.t3.storage.dev/kinetic-curves/019bf048-0069-006a-9c35-924721247fee.json'},True,,2.456563661949e-09,0.000199119381001009,51499.7072220408,
calm-panda-fern,control-7TXZ_2,True,Strong,{'url': 'https://proteinbase-pub.t3.storage.dev/kinetic-curves/019bf048-006a-e3fa-5723-e502a88097bb.json'},True,,5.1186563028803e-09,0.000444599073929338,44544.7345088611,
deep-heron-rose,control-ephrin-B2,True,Strong,{'url': 'https://proteinbase-pub.t3.storage.dev/kinetic-curves/019bf048-0075-2440-7793-64cca435732e.json'},True,,8.76055245518406e-10,0.000703714566944857,815100.415699981,
ivory-orca-fern,control-8K3C_2,True,Strong,{'url': 'https://proteinbase-pub.t3.storage.dev/kinetic-curves/019bf048-0068-e2d7-ad30-a203142a0cad.json'},True,,5.20416915958247e-09,9.03567685185966e-05,8228.26962957641,
azure-fox-flint,target_binder_design_cdr3_fixed_run_14_cycle_8_structure.pdb,False,None,,True,54.10745533777817,,,,
swift-otter-reed,target_binder_design_cdr3_fixed_run_45_cycle_8_structure.pdb,False,None,,True,45.283465999999976,,,,
quick-hawk-moss,Nipah_2408_0_v2,False,None,,True,67.69871073500254,,,,
violet-swan-sand,run6_nipah_g_hotspot1_truncated_463,False,None,,True,73.92943331410636,,,,
silver-quail-snow,protenix_design_dcc15bd4_7_T0.1_v5_T0.2_v6_T0.5_v6_871356_6826solp_T0.5_v8,False,None,,True,332.03806513866874,,,,
radiant-dove-thorn,protenix_design_dcc15bd4_7_T0.1_v5_T0.2_v6_T0.5_v6_871356_6826solp_T0.5_v8_T0.2_v3,False,None,,True,217.0256621336828,,,,
silent-crane-birch,protenix_design_dcc15bd4_7_T0.1_v5_T0.2_v6_T0.5_v6_871356_6826solp_T0.5_v8_T0.5_v2,False,None,,True,510.5205079501506,,,,
dark-deer-willow,protenix_design_dcc15bd4_7_T0.2_v5_T0.25_v10gud,False,None,,True,89.09573347670174,,,,
quick-quail-pine,protenix_design_dbb5b507_1,False,None,,True,368.7498401566423,,,,
calm-raven-willow,protenix_design_dcc15bd4_7_T0.05_v5_T0.1_v9gud,False,None,,True,393.929636789988,,,,
young-vole-crystal,protenix_design_dcc15bd4_7_T0.1_v5_T0.2_v6_T0.5_v6_871356_6826solp_T0.5_v8_T0.2_v3_T0.2_v1,False,None,,True,560.0931389999994,,,,
green-boar-sand,protenix_design_dcc15bd4_7_T0.1_v5_T0.2_v6_T0.5_v6_871356_6826solp_T0.5_v8_T0.2_v3_T0.15_v6,False,None,,True,423.0871753795296,,,,
shy-orca-wave,protenix_design_dcc15bd4_7_T0.1_v5_T0.2_v6_T0.5_v8_813375_7655solp_T0.2_v1,False,None,,True,453.4759236984482,,,,
brisk-seal-ruby,Humanized_NB_FW_s983208_a1,False,None,,True,147.79026657308543,,,,
crimson-kiwi-ice,Humanized_NB_FW_s494464,False,None,,False,48.69041099999997,,,,
deep-kiwi-rose,9GCN_FW_s315086,False,None,,False,47.00048099999996,,,,
bright-quail-stone,Humanized_NB_FW_s326612,False,None,,True,90.1555149983149,,,,
misty-ram-sand,ipSAE_0.7994|design_343|iter_4|rank_6_design_500_score_0.8344,False,None,,True,124.66326430516062,,,,
violet-zebra-cloud,ipSAE_0.8067|design_1755|iter_5|rank_7_design_593_score_0.8337,False,None,,True,140.91118435388685,,,,
rough-bison-maple,QVQLQESGPGVVKPSETLSLTCAVSGGSISDTYRWSWIRQPPGKGLEWIGYIYGSATSTYYNPSLKSRVTISKDMSKNQFSLNLNSVTAADTAVYYCARDYQYYYSGSYPTPHNWFDVWGPGVLVTVSGGSGGSGGSGGSGGDIQMTQSPSSLSASVGDRVTITCRASQGIIDYLSWYQQKPGKAPKLLISTASNLESGVPSRFSGSGSGTEFTLTISSLQPEDFATYSCQQGYTTPYTFGQGTKVEIK,True,Strong,{'url': 'https://proteinbase-pub.t3.storage.dev/kinetic-curves/019bf048-0075-c710-b26e-9cc865514e6d.json'},True,109.52004214775286,5.23106541954949e-10,0.000109438361679164,127870.72412129,None
lunar-dove-ash,pareto_13,False,None,,False,52.03279049999996,,,,
vast-deer-granite,pareto_12,False,None,,True,52.11783099999997,,,,
violet-crane-marble,job_122_n_503_id_64_seq_6_model_0_inf1_run8,False,None,,True,416.8807245706005,,,,
deep-mole-ruby,job_151_n_478_id_32_inf2_run8,True,Medium,{'url': 'https://proteinbase-pub.t3.storage.dev/kinetic-curves/019bf048-0071-33d2-ef4d-8ac621634448.json'},True,270.60351358487554,5.0629107571869e-08,0.000431521396492965,8468.96344714373,
jade-bear-willow,job_122_n_503_id_66_seq_6_model_0_inf1_run8,False,None,,True,449.1340529999997,,,,
brisk-orca-flint,job_122_n_503_id_41_seq_7_model_0_inf1_run8,False,None,,True,179.00464723211667,,,,
radiant-zebra-stone,job_120_n_512_id_65_seq_6_model_0_inf6_run8,False,None,,True,180.08368338609114,,,,
bright-raven-leaf,job_103_n_501_id_55_seq_7_model_0_inf1_run8,False,None,,True,443.5742219999998,,,,
amber-shark-marble,job_58_n_485_id_56_inf1_run8,False,None,,True,265.39949292437353,,,,
hollow-wolf-ice,job_26_n_487_id_49_inf1_run8,False,None,,True,222.51511824561564,,,,
small-bat-iron,job_87_n_500_id_7_inf1_run8,False,None,,True,311.3109109510481,,,,
quick-lion-rose,job_170_n_538_id_32_inf0_run8,False,None,,True,240.13155896523065,,,,
rough-eagle-ash,antiHNV_C4,True,Strong,{'url': 'https://proteinbase-pub.t3.storage.dev/kinetic-curves/019bf048-006f-fe1f-61e0-b3b44f75bc70.json'},True,574.0048041445845,3.10036405563573e-09,0.000104744433575643,30169.5886944308,Full
noble-crane-ivy,NIVG_498b,False,None,,True,70.2964780595089,,,,
frozen-cobra-maple,NIVG_274b,False,None,,True,71.1928737818784,,,,
solid-hawk-bronze,b3,False,None,,True,533.1078719999998,,,,
amber-bat-vine,nipah_design2_r003_s1,False,None,,True,58.50746976511272,,,,
shy-swan-stone,D,False,None,,True,602.9863979645919,,,,
violet-bat-wave,C,False,None,,True,636.2579782918197,,,,
steady-bat-lava,B,False,None,,True,471.5607070619917,,,,
swift-heron-ash,A,False,None,,True,307.73364509343816,,,,
noble-lion-ember,B2_MPNN_Folden,False,None,{'url': 'https://proteinbase-pub.t3.storage.dev/kinetic-curves/019bbdea-593f-c926-f9f1-95b99e650351.json'},False,63.192541000000006,,,,
silver-heron-pine,B2_MPNN,True,Medium,{'url': 'https://proteinbase-pub.t3.storage.dev/kinetic-curves/019bf048-0074-3d28-7102-1919c2123184.json'},True,52.005092249999976,4.33201603572157e-08,0.00109917654494792,51062.6554477943,
scarlet-bison-pearl,6,False,None,,True,580.6401749999991,,,,
rapid-goat-pine,5,False,None,,True,250.95810608988992,,,,
frozen-ibis-ash,4,False,None,,True,286.7280165000458,,,,
radiant-zebra-frost,2,False,None,,True,607.9953059999998,,,,
shy-dove-wave,10,False,None,,True,287.82550710944207,,,,
rapid-vole-plume,nipah_gg_nb_s680694_relaxed_protgpt3_finetuned,False,None,,False,49.86899956820156,,,,
dark-bat-onyx,Nanobody_opti3,False,None,,True,45.25111474999997,,,,
misty-heron-birch,Nanobody_opti1,False,None,,False,45.37370474999997,,,,
lunar-bison-ember,seq_149,False,None,,True,94.3427958653576,,,,
rough-panther-moss,seq_825,False,None,,True,118.78207079395106,,,,
bright-bear-reed,seq_482,False,None,,True,60.10892769397227,,,,
frozen-moth-granite,seq_882,False,None,,True,117.36505505435731,,,,
misty-zebra-rose,seq_330,False,None,,True,207.06191838322573,,,,
strong-hawk-granite,seq_563,False,None,,True,122.3750944508858,,,,
misty-gecko-snow,seq_907,False,None,,True,110.5049048541691,,,,
rough-cat-quartz,seq_877,False,None,,True,157.91455844233215,,,,
shy-ant-dust,seq_724,False,None,,True,70.78041864084405,,,,
bright-toad-sand,seq_485,False,None,,True,129.34895649930067,,,,
jade-mole-cloud,Seq_1_Score_0.8091_TopHit,False,None,,True,474.6679799999996,,,,
amber-swan-leaf,Seq_6_Score_0.7460_MSE_Cluster,False,None,,True,155.0833476452055,,,,
noble-cat-marble,Seq_5_Score_0.7600_Acidic,False,None,,True,60.05232693653044,,,,
wild-deer-crystal,Seq_4_Score_0.7665_Neutral_pI,False,None,,True,126.7805037345291,,,,
crimson-heron-moss,Seq_2_Score_0.8070_RunnerUp,False,None,,True,144.20934458033105,,,,
deep-goat-vine,giulia_binder,False,None,,True,511.0216256307691,,,,
rough-raven-cedar,APPI_Grafted,False,None,,True,351.154326,,,,
wild-yak-marble,scFv_8XC4,True,Strong,{'url': 'https://proteinbase-pub.t3.storage.dev/kinetic-curves/019bf048-0072-69be-21d0-0806a8311c72.json'},True,89.87044535570283,7.33077919513719e-10,7.6338096943057e-05,104133.673803318,None
steady-ant-dust,Adhiron_Grafted,False,None,,True,41.98340890454561,,,,
quiet-shark-frost,1,False,None,,False,47.47716124999996,,,,
vast-otter-lava,1201,False,None,,True,58.013312983532,,,,
pale-cobra-iron,0,False,None,,True,83.60549117769438,,,,
azure-mole-vine,LGDL_NIPAH_design07|mutations=34|ddG=-301.064|2VSM_chainB,False,None,,True,50.7378345,,,,
solid-boar-ivy,LGDL_NIPAH_design10|mutations=46|ddG=-301.726|2VSM_chainB,False,None,,False,51.583152,,,,
pale-vole-quartz,LGDL_NIPAH_design09|mutations=42|ddG=-301.635|2VSM_chainB,False,None,,False,51.418276000000006,,,,
calm-bee-dust,LGDL_NIPAH_design04|mutations=22|ddG=-295.910|2VSM_chainB,False,None,,True,50.55733,,,,
quiet-orca-jade,Optimized2VSM_I131L,False,None,,True,52.65532474999998,,,,
quiet-hawk-willow,sequence_1,False,None,,True,135.95463485857357,,,,
golden-tiger-birch,sequence_2,False,None,,True,453.8529749999997,,,,
shy-moth-ruby,diffuse_motif3_job_189_n_550_id_8_inf1_run5,True,Strong,{'url': 'https://proteinbase-pub.t3.storage.dev/kinetic-curves/019bf048-006f-6f45-3269-73f3b8337f78.json'},True,85.27424859729675,1.26226087391592e-08,0.00164841183267346,53528.3416184544,
silent-zebra-thorn,diffuse_motif_m102.4_job_9_n_664_id_7_inf2_m102.4,False,None,,False,49.10302649999997,,,,
noble-deer-willow,diffuse_motif3_job_19_n_550_id_2_inf6_run5,True,Strong,{'url': 'https://proteinbase-pub.t3.storage.dev/kinetic-curves/019bf048-0070-b6ff-08e6-9c04eccb73fe.json'},True,183.4866974797161,1.24089791752877e-08,0.000644879256847746,27564.1964078448,
vast-ibis-cypress,diffuse_search3_job_157_n_550_id_4_inf1_run5,True,Strong,{'url': 'https://proteinbase-pub.t3.storage.dev/kinetic-curves/019bf048-006f-d164-70bd-ed20015837ac.json'},True,96.55273938448052,3.71245956030969e-09,0.00120317613550955,222277.253428837,Partial
radiant-dove-willow,bio_opt2_job_48_n_475_id_66_inf1_run8,False,None,,True,248.0968466042387,,,,
strong-falcon-ice,diffuse_motif3_job_73_n_550_id_9_inf6_run5,True,Strong,{'url': 'https://proteinbase-pub.t3.storage.dev/kinetic-curves/019bf048-006f-a8c8-d282-17949d68d773.json'},True,84.11481282900337,3.26466062975425e-09,0.00267334268368687,367101.54002219,Partial
swift-jaguar-clay,diffuse_search3_job_52_n_550_id_2_inf4_run5,True,Strong,{'url': 'https://proteinbase-pub.t3.storage.dev/kinetic-curves/019bf048-0070-2961-d088-be8af65ab06a.json'},True,356.3845914715212,2.72590637706639e-09,0.00159887155021565,156825.362212411,Full
deep-bison-wave,bio_opt2_job_48_n_475_id_42_inf1_run8,False,None,,True,252.1690616250356,,,,
jade-falcon-granite,bio_opt2_job_122_n_503_id_67_inf1_run8,False,None,,True,283.895455622898,,,,
dark-ibis-wave,bio_opt2_job_58_n_485_id_51_inf1_run8,False,None,,True,395.88605399999983,,,,
pale-eagle-oak,reinfroce_epirin_9_650,False,None,,False,53.14841425,,,,
noble-ox-cedar,2g9sol1,True,Strong,{'url': 'https://proteinbase-pub.t3.storage.dev/kinetic-curves/019bf048-0071-8aab-e0bc-e442d0f2e231.json'},True,360.9322601422584,1.51684580050644e-09,0.000269138662200686,141086.919234785,Full
golden-swan-wave,2g9sol23,True,Strong,{'url': 'https://proteinbase-pub.t3.storage.dev/kinetic-curves/019bf048-0072-4b75-82fc-aa0cacb54070.json'},True,219.2392375208451,8.80832474263515e-10,0.000164825589166243,125554.793076016,Full
young-owl-lotus,ARB67,False,None,,True,62.68825800003034,,,,
pale-ox-crystal,ARB65,False,None,,True,116.03355340373852,,,,
mellow-tiger-reed,ARB63,False,None,,True,342.4414702163957,,,,
silver-cobra-marble,22_NipahG_l120_s643966_mpnn6_model2_full_59b53abbaf534bdc83f097470cc13c90b989e2f6,False,None,,True,557.8528709999994,,,,
bright-seal-ash,3_NipahG_l110_s810588_mpnn1_model2_full_ea90836e85d232220dddda369df4ee65c4cae221,False,None,,True,430.4592750311765,,,,
vast-jaguar-bronze,1_NipahG_l187_s95354_mpnn4_model1_full_7c4150cc843acf43e25a025b0481121cce948bd8,False,None,,True,67.1739972168522,,,,
small-jaguar-iron,5_NipahG_l86_s157545_mpnn18_model2_full_1155c0006701faadfc1a0e98e5b966d06273d9aa,False,None,,True,451.6058159999998,,,,
violet-zebra-willow,16_NipahG_l136_s159108_mpnn7_model2_full_c060c171fba82a7e80246785b2b4adc228243990,False,None,,False,50.598245499999976,,,,
ivory-bee-birch,31_NipahG_l106_s90334_mpnn19_model2_full_828f3a6f5def7d6577db0380ab36322af3d3854e,False,None,,True,498.37584299999975,,,,
rapid-cat-thorn,7_NipahG_l154_s548076_mpnn11_model2_full_c12f5ade008e03456a90f33e848b53ea32aaf3cb,False,None,,True,150.68706365501842,,,,
solid-bear-marble,12_NipahG_l158_s563586_mpnn15_model2_full_a42bc68dc47339d7c9b29e235106cf11e184a47a,False,None,,True,258.63254997162994,,,,
crimson-zebra-rose,14_NipahG_l134_s518986_mpnn2_model1_full_3a52f9d8b73d944fbf9fb06d467bd3987276c885,False,None,,True,555.3094023444042,,,,
radiant-wolf-maple,top_3_23|min_ipSAE=0.797955,False,None,,True,319.265766,,,,
brisk-fox-pine,top_16_36|min_ipSAE=0.803542,False,None,,True,323.76772500000004,,,,
young-vole-wave,top_2_77|min_ipSAE=0.802346,False,None,,True,321.00500400000004,,,,
pale-mole-stone,top_39_39|min_ipSAE=0.813608,False,None,,True,322.69133100000005,,,,
brisk-zebra-onyx,top_16_78|min_ipSAE=0.815519,False,None,,True,328.57190700000007,,,,
violet-dove-reed,top_3_72|min_ipSAE=0.832350,False,None,,True,320.373099,,,,
radiant-eagle-lotus,top_1_50|min_ipSAE=0.854061,False,None,,True,319.59321600000004,,,,
strong-zebra-thorn,top_39_55|min_ipSAE=0.850090,False,None,,True,322.02996900000005,,,,
frozen-falcon-rose,top_16_57|min_ipSAE=0.890573,False,None,,True,327.49456200000014,,,,
green-seal-cloud,1,False,None,,False,84.0777145000001,,,,
green-orca-topaz,9,False,None,,False,82.45921050000005,,,,
rapid-cat-ice,10,False,None,,False,82.83592675000003,,,,
crimson-otter-sand,8,False,None,,False,85.12117425000005,,,,
dark-eagle-onyx,6,False,None,,False,83.08259525000005,,,,
calm-moth-birch,7,False,None,,False,94.31469153040165,,,,
wild-moth-reed,4,False,None,,False,82.801253,,,,
shy-ant-pearl,5,False,None,,True,83.14661475000007,,,,
crimson-heron-pine,3,False,None,,False,87.3234605052024,,,,
silent-orca-ember,2,False,None,,False,82.83007750000004,,,,
crimson-ram-dust,54_6cmi_kp_1,False,None,{'url': 'https://proteinbase-pub.t3.storage.dev/kinetic-curves/019bf048-0074-7f9e-9320-197848a3f8c2.json'},True,203.1061127529574,,,,
misty-hawk-moss,job_C_large_0474,False,None,,True,614.3062746553052,,,,
ivory-goat-moss,job_C_large_0376,False,None,,True,111.7903568688726,,,,
vast-bear-onyx,job_C_large_0313,False,None,,True,99.09630636249771,,,,
scarlet-mole-marble,job_C_large_0558,False,None,,True,186.792200993724,,,,
shy-swan-ember,job_C_large_0056,False,None,,True,478.8371855091165,,,,
bright-yak-crystal,job_C_large_0073,False,None,,True,400.5189731369593,,,,
hollow-zebra-thorn,job_C_large_0108,False,None,,True,625.4583359999993,,,,
green-jaguar-orchid,job_C_large_0478,False,None,,True,256.7655370110617,,,,
silver-quail-sand,xbf|boltzgen|NanoBody-Scaffold|rank0021_nipahgv2_0240,False,None,,True,100.9832777392122,,,,
steady-falcon-orchid,xbf|boltzgen|NanoBody-Scaffold|rank0029_nipahgv2_1676,False,None,,True,44.65982199999998,,,,
ivory-panda-fern,xbf|boltzgen|NanoBody-Scaffold|rank0020_nipahgv2_2085,False,None,,True,56.82403069790992,,,,
hollow-mole-wave,xbf|boltzgen|NanoBody-Scaffold|rank0011_nipahgv2_2080,False,None,,False,44.92808649999998,,,,
vast-cat-leaf,xbf|boltzgen|NanoBody-Scaffold|rank001_nipahgv2_10,False,None,,False,45.69128349999998,,,,
amber-quail-thorn,xbf|boltzgen|NanoBody-Scaffold|rank0004_nipahgv2_0516,False,None,,True,67.86923762204363,,,,
rough-panda-jade,xbf|boltzgen|NanoBody-Scaffold|rank0008_nipahgv2_0284,False,None,,True,110.44440399136876,,,,
jade-falcon-pine,xbf|boltzgen|NanoBody-Scaffold|rank0002_nipahgv2_2363,False,None,,True,313.2616136185726,,,,
lunar-kiwi-marble,xbf|boltzgen|NanoBody-Scaffold|rank0001_nipahgv2_2368,False,None,,True,77.25671502740802,,,,
dark-toad-oak,xbf|boltzgen|NanoBody-Scaffold|redesign_8XPY,False,None,,False,44.67266999999997,,,,
azure-jaguar-leaf,boltz_results_boltz2_iter_2_iter_0_20251125_180239_1_dldesign_0,False,None,,False,47.85849024999996,,,,
lunar-seal-orchid,seq1,False,None,,False,46.50199999999997,,,,
scarlet-vole-flint,rb3,False,None,,True,589.5833285675872,,,,
pale-panda-birch,rb1,False,None,,True,341.8324163241253,,,,
swift-tiger-rose,bg2,False,None,,True,103.05940517520398,,,,
frozen-yak-sand,bg1,False,None,,True,110.0718887958788,,,,
young-seal-iron,rb2,False,None,,True,450.3585409108205,,,,
radiant-panda-flint,try03_82_03900,False,None,,True,23.127881000058725,,,,
scarlet-lynx-iron,Sequence 3,False,None,,True,478.1084729999997,,,,
wild-ibis-granite,Sequence 2,False,None,,True,38.830684499999975,,,,
scarlet-yak-ash,"RU-HAb-0-Heavy_Chain,",False,None,,True,71.35266912286116,,,,
quick-yak-iron,RU-HAb-0-Light_Chain,False,None,,True,72.63105500889823,,,,
ivory-quail-onyx,"RU-nAb-2.2,",False,None,,True,49.72018275,,,,
radiant-mole-dust,fold_3_model_0_ChainA,False,None,,True,432.502053,,,,
jade-wolf-sand,fold_9_model_0_ChainA,False,None,,True,65.13859866056691,,,,
shy-owl-opal,fold_4_model_0_ChainA,False,None,,True,437.966064,,,,
vast-seal-stone,nipah_binder_l80_s274287_mpnn3_model1_consensus_N_113_top_frac_0.05_rf_3_1,False,None,,True,421.4511974871471,,,,
small-quail-dust,W90G_x,False,None,,True,551.582274,,,,
mellow-yak-cypress,V30K_x,False,None,,True,556.328271,,,,
frozen-bear-opal,nipah-2_l141_s184932_mpnn1,False,None,,True,652.7669370000002,,,,
strong-ram-ivy,nipah-2_l85_s459859_mpnn2,False,None,,True,451.7307409936007,,,,
bright-seal-ice,nipah-2_l75_s836435_mpnn2,False,None,,True,420.850125,,,,
vast-dove-cedar,nipah-2_l108_s399124_mpnn1,False,None,,True,530.2015289999996,,,,
jade-lynx-cedar,nipah-2_l125_s651625_mpnn1,False,None,,True,605.1664709999999,,,,
scarlet-cat-clay,nipah-2_l144_s251373_mpnn20,True,Strong,{'url': 'https://proteinbase-pub.t3.storage.dev/kinetic-curves/019bf048-0073-a63e-eef4-d83422a0d87e.json'},True,245.1049102255436,2.65639265676241e-08,0.000470523656830385,17214.0633921586,
pale-hawk-opal,nipah-2_l84_s592096_mpnn2,False,None,,True,447.90782399999983,,,,
swift-dove-wave,niv_g_trim_14a_nb_s184977_abmpnn_3,False,None,,False,46.087024749999976,,,,
dark-lion-opal,niv_g_trim_14a_nb_s718773_abmpnn_4,False,None,,False,46.835477,,,,
bright-tiger-opal,niv_g_trim_14a_nb_s718773_abmpnn_1,False,None,,False,46.89317225,,,,
deep-tiger-ash,69,False,None,,True,212.5421685542656,,,,
small-ox-rose,176,False,None,,True,141.35862909651016,,,,
soft-bear-iron,22,False,None,,True,149.28228857431162,,,,
small-moth-jade,11,False,None,,True,142.6938738640241,,,,
silver-falcon-orchid,267,False,None,,True,195.44298279880493,,,,
jade-jaguar-bronze,17,False,None,,True,115.10899638363244,,,,
bright-panda-ruby,63,False,None,,True,123.58018074952422,,,,
jade-cobra-fern,284,False,None,,True,119.13527689823287,,,,
shy-cobra-sand,234,False,None,,True,150.6266821708344,,,,
ivory-orca-marble,V30E,False,None,,True,554.644983,,,,
azure-otter-moss,V30K,False,None,,True,554.6167319999997,,,,
shy-quail-birch,W86D,False,None,,True,551.6118179999997,,,,
swift-cobra-plume,s867843_pmut15,False,None,,True,536.0213279999997,,,,
quick-cat-iron,QVQLQESGPGVVKPSETLSLTCAVSGGSISDTYRWSWIRQPPGKGLEWIGYIYGSATSTYYNPSLKSRVTISKDMSKNQFSLNLNSVTAADTAVYYCARDYQYYYGWSYPTPHNWFDVWGPGVLVTVSPDAPAVTLPAASVPPDIQMTQSPSSLSASVGDRVTITCRASQGIIDYLSWYQQKPGKAPKLLISTASNLESGVPSRFSGSGSGTEFTLTISSLQPEDFATYSCQQGYTTPYTFGQGTKVEIK,True,Strong,{'url': 'https://proteinbase-pub.t3.storage.dev/kinetic-curves/019bf048-0075-da6e-83f0-22f2574e5898.json'},True,112.39702341710552,8.22559467142773e-08,0.00083594989679505,10162.7898065387,
radiant-bear-marble,design_1,False,None,,True,222.92408069774683,,,,
radiant-moth-vine,hotspot_design_22_1,False,None,,True,696.6289080205133,,,,
deep-shark-iron,hotspot_design_22_0,False,None,,True,334.3711905333698,,,,
bright-panda-stone,motif_design_80_1,False,None,,False,61.26484225000002,,,,
young-orca-cypress,hotspot_design_36_1,False,None,,True,570.5036819999995,,,,
ivory-boar-wave,motif_design_80_0,False,None,,True,75.08782816323729,,,,
ivory-quail-clay,hotspot_design_36_0,False,None,,True,554.7323429999991,,,,
crimson-toad-reed,hotspot_design_97_1,False,None,,True,676.8784569832111,,,,
deep-panda-sand,scfv2,False,None,,False,78.99253625,,,,
steady-yak-pine,scfv1,False,None,,False,79.02030824999997,,,,
swift-crane-jade,s256547,False,None,,False,47.561201249999954,,,,
azure-ox-onyx,s536952,False,None,,False,48.42317674999997,,,,
quiet-ram-dust,s539230,False,None,,False,49.08388624999997,,,,
ivory-fox-ruby,s635780,False,None,,False,48.52043974999997,,,,
jade-cat-cloud,2vsm_and_rank004_2vsm_nfbd3rb_964_model_0,False,None,,True,90.14643056494636,,,,
rapid-yak-crystal,2vsm_and_rank10_2vsm-bzgen_nfbd3rb_964-refine_11_0_model_0,False,None,,True,86.06434410002119,,,,
solid-fox-iron,2vsm_and_rank06_2vsm-bzgen_nfbd3rb_964-refine_20_0_model_0,False,None,,True,99.62746144184112,,,,
rough-kiwi-marble,2vsm_and_rank01_2vsm-bzgen_nfbd3rb_964-refine_79_1_model_0,False,None,,True,88.06091052985556,,,,
shy-fox-fern,1,False,None,,True,268.816989,,,,
silver-ibis-pearl,nano_5,False,None,,True,88.4576483689115,,,,
deep-fox-quartz,design1,False,None,,True,167.05241061924295,,,,
deep-toad-ash,site123_hard_l157_s637983_mpnn3,False,None,,True,718.8120411572369,,,,
solid-orca-pearl,site1_hard_l158_s672343_mpnn3,False,None,,True,684.9269899659704,,,,
rough-bear-granite,site1_hard_l158_s672343_mpnn1,False,None,,True,644.3743624782434,,,,
mellow-bee-lotus,s3_rx_hd_l78_s860688_mpnn9,False,None,,True,78.4950928181226,,,,
radiant-mole-wave,s3_rx_hd_l138_s209042_mpnn18,False,None,,True,93.20774175654894,,,,
bright-tiger-crystal,s3_rx_hd_l76_s688677_mpnn18,False,None,,True,128.08693317974473,,,,
golden-dove-fern,389_rx_hd_l125_s178291_mpnn3,False,None,,True,418.5477639545513,,,,
wild-gecko-vine,s3_rx_hd_l76_s688677_mpnn3,False,None,,True,354.3496888267772,,,,
brisk-seal-snow,sequence_6,False,None,,True,453.0409229999998,,,,
solid-bear-ruby,design1,False,None,,True,189.58394823033456,,,,
deep-cobra-clay,nipah_3,False,None,,True,507.850071,,,,
quick-ibis-frost,nipah_8,False,None,,True,487.0982340000001,,,,
calm-ox-moss,nipah_10,False,None,,True,456.6501629999998,,,,
small-orca-plume,nipah_9,True,Medium,{'url': 'https://proteinbase-pub.t3.storage.dev/kinetic-curves/019bf048-0073-d241-702a-aa0bb9a4ef03.json'},True,495.7776299999998,7.38051229949404e-08,0.000526466483249966,7249.24015005967,
green-lion-fern,nipah_7,False,None,,True,397.928342238163,,,,
amber-eagle-ember,nipah_5,False,None,,True,490.2516059999999,,,,
misty-panda-cloud,nipah_4,False,None,,True,86.16579442705095,,,,
swift-bear-cloud,nipah_6,False,None,,True,233.10824858923587,,,,
pale-toad-topaz,nipah_2,False,None,,True,231.66049087088712,,,,
amber-ox-plume,nipah_1,False,None,,True,186.51940772867184,,,,
frozen-raven-topaz,DPLM2_Nipah_50_right_45,False,None,,True,26.6985095,,,,
gentle-quail-pine,latentx_Nipah_46,False,None,,True,40.67646840836331,,,,
crimson-swan-rose,latentx_Nipah_87,False,None,,True,81.82300990292295,,,,
small-gecko-stone,latentx_Nipah_3,False,None,,True,134.95173294105112,,,,
quick-ram-quartz,nipah_g_hotspot1_truncated_267_240,False,None,,True,154.46189713854903,,,,
scarlet-cat-ice,nipah_g_hotspot1_truncated_004_236,False,None,,True,377.48348458019694,,,,
rapid-cobra-moss,nipah_g_hotspot1_truncated_261_111,False,None,,True,171.86999641966617,,,,
crimson-wolf-ruby,nipah_g_hotspot1_truncated_070_1,False,None,,True,179.70482522406505,,,,
young-heron-ice,nipah_g_hotspot1_truncated_151_242,False,None,,True,176.0099686184925,,,,
frozen-gecko-rose,nipah_g_hotspot1_truncated_439_51,False,None,,True,173.52270935667298,,,,
noble-crow-fern,nipah_g_hotspot1_truncated_074_378,False,None,,True,304.4906504946691,,,,
violet-panther-iron,nipah_g_hotspot1_truncated_724_389,False,None,,True,144.20975670679718,,,,
gentle-quail-maple,nipah_g_hotspot1_truncated_261_250,False,None,,True,188.7287196970612,,,,
rapid-bear-reed,binder3,False,None,,True,435.0497159999999,,,,
vast-moth-rose,binder10,False,None,,False,53.15261031503138,,,,
rough-deer-rose,binder8,False,None,,True,357.0723098559161,,,,
swift-ibis-cypress,binder2,False,None,,True,146.96703922676954,,,,
quiet-panda-willow,NipahG_BC2_binder_rank9,False,None,,True,721.8684950264054,,,,
steady-yak-dust,NipahG_BC2_binder_rank10,False,None,,True,428.1313982936328,,,,
young-ram-rose,NipahG_BC2_binder_rank7,True,Medium,{'url': 'https://proteinbase-pub.t3.storage.dev/kinetic-curves/019bf048-0073-aa30-fa90-decddcd9ac54.json'},True,443.47658922862047,8.62649452605243e-08,0.000755754570934781,10786.1610751571,
swift-ibis-pearl,NipahG_BC2_binder_rank8,False,None,,True,292.0952357433829,,,,
mellow-zebra-orchid,NipahG_BC2_binder_rank6,False,None,,True,280.577991,,,,
strong-goat-ivy,NipahG_BC2_binder_rank5,False,None,,True,212.48763669141871,,,,
soft-dove-cedar,NipahG_BC2_binder_rank4,False,None,,True,298.5437539058988,,,,
noble-cat-pearl,NipahG_BC2_binder_rank3,True,Medium,{'url': 'https://proteinbase-pub.t3.storage.dev/kinetic-curves/019bf048-0074-ffb8-3452-9e96db9c0714.json'},True,183.737078465706,2.36062367891398e-07,0.00155550060370521,5953.994158754,
crimson-deer-cypress,NipahG_BC2_binder_rank2,False,None,,True,91.950548715374,,,,
amber-tiger-dust,NipahG_BC2_binder_rank1,True,Medium,{'url': 'https://proteinbase-pub.t3.storage.dev/kinetic-curves/019bf048-0074-2fd7-0c4a-f1b31b01f8f4.json'},True,499.71943253427656,1.15888039377575e-07,0.000654756589837244,7500.5313981101,
radiant-bee-iron,binder8,False,None,,False,53.27593977045105,,,,
bright-wolf-ember,design1,False,None,,True,393.0092477921475,,,,
brisk-goat-bronze,ALIGN-8194-ipSAE=0.771606-plddt=71.01,False,None,,True,185.616222,,,,
mellow-goat-snow,ALIGN-6528-ipSAE=0.786093-plddt=79.45,False,None,,True,218.113971,,,,
violet-orca-pine,ALIGN-9056-ipSAE=0.802666-plddt=79.66,False,None,,True,64.40608575912113,,,,
violet-cat-ruby,design4,False,None,,True,326.6770469409652,,,,
rough-owl-iron,pichu_1,False,None,,True,439.1899199999998,,,,
noble-zebra-crystal,AFFI2,False,None,,True,357.31599300000005,,,,
quiet-crane-wave,AFFI3,False,None,,True,352.30232700000005,,,,
calm-bear-orchid,AFFI1,False,None,,True,352.3036200000001,,,,
rough-jaguar-fern,ALIGN-1956-ipSAE=0.838915-plddt=72.25,False,None,,False,38.35922990772231,,,,
steady-kiwi-marble,ALIGN-2793-ipSAE=0.789140-plddt=73.02,False,None,,True,194.421039,,,,
rapid-owl-lava,ALIGN-8375-ipSAE=0.802828-plddt=73.70,False,None,,True,33.94980217184076,,,,
dark-ibis-ash,ALIGN-3126-ipSAE=0.870335-plddt=73.05,False,None,,False,197.898084,,,,
hollow-quail-frost,lead_2_score0.7800,False,None,,True,64.61906489323353,,,,
quiet-lion-clay,lead_9_score0.7800,False,None,,False,63.32228274999993,,,,
strong-vole-snow,lead_3_score0.7800,False,None,,False,63.68472799999992,,,,
hollow-jaguar-bronze,lead_10_score0.7700,False,None,,True,63.38220674999992,,,,
quiet-mole-onyx,lead_8_score0.7800,False,None,,True,62.535107249999946,,,,
crimson-vole-birch,lead_6_score0.7800,False,None,,True,111.92376658011204,,,,
rough-ibis-orchid,lead_7_score0.7800,False,None,,False,63.163310999999936,,,,
mellow-raven-ivy,lead_1_score0.7900,False,None,,True,73.82300718762548,,,,
hollow-ibis-jade,ph_mpnn_1,False,None,,True,595.1610689999998,,,,
strong-swan-cypress,ph_mpnn_5,False,None,,True,578.4351959999997,,,,
crimson-shark-onyx,designed_sequence_0,False,None,,True,390.659727074326,,,,
soft-shark-granite,designed_sequence_8,False,None,,True,172.6550899828528,,,,
solid-otter-cypress,designed_sequence_7,False,None,,True,449.66536817684187,,,,
dark-zebra-crystal,designed_sequence_5,False,None,,True,72.00920934037488,,,,
hollow-mole-cedar,designed_sequence_6,False,None,,False,38.15869299999998,,,,
rapid-tiger-vine,designed_sequence_4,False,None,,True,430.7251499999999,,,,
golden-boar-ash,designed_sequence_3,False,None,,True,115.93267529797988,,,,
calm-boar-vine,designed_sequence_2,False,None,,True,454.08796199999966,,,,
crimson-owl-cedar,design5,False,None,,True,387.0865869609322,,,,
gentle-bear-reed,design10,False,None,,True,41.16761837816156,,,,
golden-owl-willow,design8,False,None,,True,50.86759799882756,,,,
green-orca-pearl,design2,False,None,,False,41.20691073613692,,,,
misty-lion-granite,ProteinHunterBoltz_refinement_design2,False,None,,True,142.54327402561375,,,,
young-gecko-topaz,ProteinHunterBoltz_refinement_design6,False,None,,True,179.78695554129212,,,,
green-raven-quartz,ProteinHunterBoltz_refinement_design5,True,Strong,{'url': 'https://proteinbase-pub.t3.storage.dev/kinetic-curves/019bf048-0073-678a-9269-da50e861d9f6.json'},True,538.131350899062,2.38979517695006e-08,0.00035065856465815,15555.0305932374,
shy-moth-ash,ProteinHunterBoltz_refinement_design4,False,None,,True,638.4053069999995,,,,
violet-boar-stone,ProteinHunterBoltz_refinement_design3,False,None,,True,64.80089429850855,,,,
bright-zebra-crystal,ProteinHunterBoltz_refinement_design1,False,None,,True,361.14117272074606,,,,
frozen-crane-flint,X178-01-0567,False,None,,True,83.27657286127867,,,,
silver-deer-pearl,X178-01-0313,False,None,,True,89.93748907479416,,,,
pale-crow-ash,X178-01-0610,False,None,,True,72.54161244599275,,,,
crimson-ram-pearl,nipahprot_08599|ipsae=0.8100|rank=45,False,None,,True,245.68011807136497,,,,
rough-otter-wave,nipahnano_47248|ipsae=0.7982|rank=9,False,None,,True,110.9332570304978,,,,
green-cat-clay,dill015,False,None,,True,138.2095108373731,,,,
vast-mole-orchid,seq9,False,None,,True,494.28181499999965,,,,
soft-yak-oak,seq7,False,None,,True,342.7648031333171,,,,
rough-jaguar-birch,seq8,False,None,,True,436.076919465082,,,,
silent-otter-jade,seq6,False,None,,True,491.4370769999997,,,,
silent-panther-ruby,seq5,False,None,,True,117.753802159578,,,,
bright-lynx-ruby,seq3,False,None,,True,487.5304259999997,,,,
brisk-fox-clay,seq1,False,None,,True,395.4024793934607,,,,
frozen-gecko-leaf,seq2,True,Medium,{'url': 'https://proteinbase-pub.t3.storage.dev/kinetic-curves/019bf048-006f-5ccd-3ae7-f9e380c88d1e.json'},True,470.23101899999966,1.1002983571751e-07,0.000891847944745569,5747.47044880097,
swift-quail-cedar,PENBD9_PHB_1_10_8_RD,False,None,,True,137.25537944264246,,,,
vast-ant-jade,PENBD6_0262_RD,False,None,,False,47.91135474999997,,,,
green-zebra-quartz,RDG_scafSol,False,None,,True,236.82348725893328,,,,
shy-vole-flint,RDG_scafHyd,False,None,,True,232.840674437062,,,,
strong-lion-orchid,bg_proteing_123,False,None,,True,379.185075685126,,,,
pale-panda-lava,run4_max_binder2_init_sequence_ss_onehot_l128_s231830,False,None,,True,594.5630789999997,,,,
vast-wolf-jade,run2_init_probs_ss_logit_l118_s398610,False,None,,True,86.37792665761786,,,,
quiet-dove-sand,willhua1,False,None,,False,52.940282749999966,,,,
mellow-cat-ice,willhua1,False,None,,True,57.89043637000903,,,,
radiant-gecko-cedar,Sequence 1,False,None,,False,52.26946474999996,,,,
crimson-crow-bronze,ZS-hthss_008-20251128,False,None,,True,148.60937241702965,,,,
azure-bear-lava,ZS-hthmut_006-20251128,False,None,,True,261.604248,,,,
crimson-hawk-ice,ZS-hthss_003-20251125,False,None,,True,55.888718784653456,,,,
green-panda-granite,AB25,False,None,,False,78.98769824999995,,,,
azure-deer-ruby,AB36,False,None,,True,87.77890515638661,,,,
quiet-quail-ember,AB56,False,None,,True,120.34829173383548,,,,
small-fox-willow,nv43_KN05,False,None,,True,107.09565670280794,,,,None
green-ram-onyx,nv43KLC43,False,None,,True,79.03275324999996,,,,
pale-fox-reed,nv43KLC15,False,None,,True,79.09302199999998,,,,
rapid-otter-cypress,nprd061V42_LC22,False,None,,False,79.87416574999997,,,,
rough-otter-sand,nprd061V39_LC22,False,None,,True,79.92670099999998,,,,
frozen-fox-birch,nprd061_LC22,False,None,,True,79.67393774999996,,,,
azure-crane-dust,Sequence 6,False,None,,False,51.24265499999997,,,,
bright-falcon-maple,tmp_54_tmp_job_20_n_483_id_54_B,False,None,,True,154.05677031968258,,,,
noble-zebra-lava,tmp_1_tmp_job_132_n_491_id_55_B,False,None,,True,72.10671002253811,,,,
lunar-jaguar-moss,tmp_187_tmp_job_123_n_502_id_67_seq_2_model_0_B,False,None,,True,448.7782589999997,,,,
shy-ox-leaf,tmp_173_tmp_job_94_n_477_id_35_seq_3_model_0_B,False,None,,True,101.66031411816536,,,,
gentle-tiger-jade,willhua7(can,False,None,,False,52.97759574999997,,,,
dark-ibis-topaz,willhua4(can,False,None,,False,52.93770474999999,,,,
misty-moth-oak,willhua2(can,False,None,,False,52.97770349999997,,,,
violet-ox-birch,willhua1,False,None,,False,52.90757049999998,,,,
quick-jaguar-birch,willhua10,False,None,,False,52.97760399999998,,,,
brisk-heron-thorn,willhua9(can,False,None,,False,52.872611749999976,,,,
jade-panda-willow,willhua5(can,False,None,,False,52.94509899999998,,,,
jade-lynx-cypress,willhua8,False,None,,False,52.97534924999997,,,,
rough-gecko-cedar,KPVVPEEVPTDATVVNGVGVTELDGVTYLAVVEGSGGSGRVVRIYQSTDGKTWTEVGTLEVPAASANGAGLTVKDGKLYLFVASGKTVNIYESDDLKTWTLIATIKLPEAVGGLAATVINGTFYLLALSNFNGKYTLRIYRSDDLKNWELIAEIELPKPPGGGLAASAEGNTIELYGLDSLTHKFEHVATLKTDNLETFELV,False,None,,True,77.47732917230127,,,,
jade-yak-topaz,Sequence 2,False,None,,True,86.0930119396103,,,,
swift-cobra-fern,Sequence 9,False,None,,True,40.94288997390768,,,,None
jade-vole-lava,Sequence 8,False,None,,True,139.7760340809016,,,,
scarlet-bat-pine,Sequence 7,False,None,,True,47.591288749999954,,,,
dark-panther-ember,Sequence 5,False,None,,True,419.39658599999984,,,,
rapid-jaguar-willow,Sequence 4,False,None,,True,54.35214670424,,,,
green-vole-quartz,Sequence 3,True,Strong,{'url': 'https://proteinbase-pub.t3.storage.dev/kinetic-curves/019bf048-0072-76f9-03f1-b29b99eef8bc.json'},True,204.98704493106,2.59845897801782e-08,0.00050366392785303,12748.0867035245,
crimson-panther-wave,Sequence 1,False,None,,True,120.80021044802126,,,,
strong-kiwi-wave,ipsae_0.815_6,False,None,,True,106.94351146570334,,,,
wild-lion-ice,ipsae_0.788_10,False,None,,True,247.73949766580023,,,,
brisk-deer-lotus,ipsae_0.792_9,False,None,,True,370.9602597724692,,,,
radiant-crow-cypress,ipsae_0.846_1,False,None,,True,299.6038296432774,,,,
noble-crane-quartz,nipah_349_69_m0_s1_0.78,False,None,,True,638.039979,,,,
wild-shark-thorn,nipah_349_52_0.78,False,None,,True,204.0956498402596,,,,
crimson-heron-snow,final_design_5,False,None,,True,478.4149019999995,,,,
vast-bee-sand,final_design_3,False,None,,True,30.414092999999987,,,,
soft-seal-frost,final_design_7,False,None,,True,253.5516799472924,,,,
pale-wolf-oak,final_design_6,False,None,,True,360.16780799999987,,,,
golden-seal-thorn,final_design_8,False,None,,True,100.10352470651964,,,,
quick-lion-pearl,final_design_4,False,None,,True,479.1987989999995,,,,
soft-cat-vine,task_11_NIPAH_2VSM_monomer_112,False,None,,True,133.79632852676795,,,,
crimson-orca-marble,task_7_NIPAH_2VSM_monomer_771,False,None,,True,190.0946352130941,,,,
rapid-kiwi-ivy,task_26_NIPAH_2VSM_monomer_370,False,None,,True,308.7214782953764,,,,
quick-falcon-jade,task_30_NIPAH_2VSM_monomer_228,False,None,,True,86.89055039029338,,,,
soft-lynx-oak,task_8_NIPAH_2VSM_monomer_385,True,Medium,{'url': 'https://proteinbase-pub.t3.storage.dev/kinetic-curves/019bf048-0074-25b2-86f8-74ef6eb53041.json'},True,147.6657747432241,5.02106984607159e-08,0.00148710694727023,24697.7667336368,
misty-boar-onyx,task_16_NIPAH_2VSM_monomer_303,False,None,,True,150.09027788597552,,,,
soft-shark-pearl,task_32_NIPAH_2VSM_monomer_111,False,None,,True,125.0682945026359,,,,
quick-otter-wave,3601_var12,False,None,,True,106.47657480027264,,,,
brisk-moth-jade,3601_var1,False,None,,True,156.2804114045485,,,,
small-panther-lava,Mut9_SumE__16.76,False,None,,False,54.04964374999999,,,,
strong-gecko-reed,Mut4_SumE__17.62,False,None,,False,54.91434371082041,,,,
bright-cat-dust,Mut3_SumE__17.63,False,None,,True,57.05365142726742,,,,
rapid-heron-reed,Mut5_SumE__17.15,False,None,,False,54.843421492528606,,,,
bright-goat-ruby,Mut1_SumE__20.03,False,None,,False,54.12701724999998,,,,
silent-zebra-plume,Mut2_SumE__19.08,False,None,,False,55.10548494392912,,,,
young-tiger-granite,Mut10_SumE__16.63,False,None,,False,54.00691024999999,,,,
noble-tiger-stone,Mut7_SumE__17.01,False,None,,False,54.1345145,,,,
ivory-wolf-fern,Mut8_SumE__16.96,False,None,,False,53.90931999999998,,,,
deep-ram-orchid,AFM_16,False,None,,True,431.1404309999998,,,,
dark-toad-ash,AFM_12,False,None,,True,210.786642,,,,
silver-deer-willow,ARB59,False,None,,True,142.6600047627657,,,,
scarlet-tiger-willow,ARB56,False,None,,False,44.20611914855365,,,,
lunar-mole-fern,EPHRIN_B2_176_140_39,True,Strong,{'url': 'https://proteinbase-pub.t3.storage.dev/kinetic-curves/019bf048-0072-7167-86a4-f5843a02e5d0.json'},True,81.17828603504917,4.48458523651077e-10,0.000247432422370788,502162.628913642,Full
crimson-lynx-ice,EPHRIN_B2_115_79_11,True,Strong,{'url': 'https://proteinbase-pub.t3.storage.dev/kinetic-curves/019bf048-0072-475d-0871-a4c07e5dcd12.json'},True,175.66071497516018,5.73352929760706e-09,0.000779382226408632,135934.114217209,
silent-swan-jade,EPHRIN_B2_90_54_142,True,Strong,{'url': 'https://proteinbase-pub.t3.storage.dev/kinetic-curves/019bf048-0071-5283-a430-af4cccb05888.json'},True,594.2640371898451,7.96104095473142e-09,0.00187591492079142,248669.08976822,
brisk-bee-moss,EPHRIN_B2_261_225_12,True,Strong,{'url': 'https://proteinbase-pub.t3.storage.dev/kinetic-curves/019bf048-0071-42ff-db4d-d1887c2332cf.json'},True,62.87488802115028,6.13572327125292e-09,0.000706373190222933,201524.315760725,
wild-mole-iron,Optimized2VSM_Q88I_E98D_N73L,False,None,,False,52.59816749999998,,,,
radiant-seal-opal,Optimized2VSM_I133L_E89I_N73L_K82V_K66V_E98D_D32V_K76R,False,None,,False,52.559676283004414,,,,
brisk-kiwi-snow,Optimized2VSM_I133L_E89I_N73L_K82V_K66V_E98D_D32V_K76R_Q19K,False,None,,True,52.55570674999998,,,,
strong-mole-cloud,Optimized2VSM_I133L_E89I_N73L_K82V_K66V_E98D_D32V,False,None,,True,52.4855655,,,,
silent-lynx-lotus,Optimized2VSM_E98D_N73L_I133L_D32V,False,None,,True,52.63559649999998,,,,
quiet-heron-rose,Optimized2VSM_Q88I_E98D_N73L_I133L_E89I,False,None,,True,54.134076597858254,,,,
azure-ram-clay,Nipah_v7_hotspot_l79_s861564,False,None,,False,39.717421438527325,,,,
solid-otter-birch,"mutant_('DB42W','TB67I','VB72I')",False,None,,True,299.8794399184428,,,,
violet-bear-dust,"mutant_('DB38Y','DB42F','VB72I')",False,None,,True,332.5303848827883,,,,
quiet-swan-willow,"mutant_('TB67I','VB72I')",False,None,,True,318.1866529296531,,,,
wild-fox-ice,"mutant_('DB42W','TB67F')",False,None,,True,367.7510105278138,,,,
amber-zebra-orchid,"mutant_('AB109S','DB42W','TB51F')",False,None,,True,354.4977929161633,,,,
quiet-lion-moss,"mutant_('DB101H','VB72I')",False,None,,True,285.73186716811654,,,,
scarlet-bee-rose,"mutant_('DB42F','TB67I')",False,None,,True,310.3023535956337,,,,
lunar-orca-pearl,"mutant_('DB42W','TB67I')",False,None,,True,338.57441270392474,,,,
brisk-tiger-maple,Sequence 2,False,None,,True,68.42032428012226,,,,
green-heron-crystal,Sequence 1,False,None,,True,75.21824352580204,,,,
shy-lynx-jade,seq8,False,None,,True,504.9114419999997,,,,
scarlet-toad-iron,seq7,False,None,,True,260.3385885436356,,,,
soft-vole-maple,seq9,False,None,,True,418.9767479999999,,,,
steady-tiger-orchid,seq5,False,None,,True,400.0358878189324,,,,
lunar-falcon-ember,seq6,False,None,,True,508.0696720081879,,,,
crimson-quail-reed,seq2,False,None,,True,473.941368,,,,
wild-vole-granite,seq1,False,None,,True,495.62514299999975,,,,
rapid-wolf-willow,rank0117_nipah_9172,False,None,,True,195.0587169587635,,,,
rapid-ox-rose,rank0008_nipah_1967,False,None,,True,503.3843039999996,,,,
vast-crow-clay,rank0060_nipah_7696,False,None,,True,88.95536150480984,,,,
golden-otter-cypress,PHB28_X100_contbig_17_6_0947,False,None,,True,69.9726824451878,,,,
quiet-gecko-cloud,ipsae_0.792_5,False,None,,True,437.5312507351218,,,,
solid-lion-bronze,ipsae_0.793_4,False,None,,True,344.1242149802573,,,,
ivory-ram-maple,ipsae_0.794_3,False,None,,True,494.09064599999977,,,,
ivory-shark-jade,ipsae_0.798_1,False,None,,True,381.00705245681473,,,,
swift-cobra-flint,ipsae_0.798_2,False,None,,True,455.89558799999975,,,,
pale-bat-ivy,ipsae_0.785_8,False,None,,True,421.4401589999999,,,,
crimson-bear-ruby,ipsae_0.784_10,False,None,,True,487.7889179999999,,,,
swift-goat-fern,ipsae_0.791_6,False,None,,True,299.82337919095016,,,,
solid-lynx-quartz,mutant_TB67L,False,None,,True,288.06463455206443,,,,
golden-crow-ivy,mutant_TB51F,False,None,,True,295.4389575182733,,,,
noble-otter-opal,mutant_DB101H,False,None,,True,258.09637906978253,,,,
vast-lion-frost,mutant_VB72I,False,None,,True,293.57874612667774,,,,
misty-cat-willow,mutant_DB101W,False,None,,True,287.621727706859,,,,
misty-vole-dust,mutant_TB67V,False,None,,True,378.7911526147616,,,,
solid-toad-stone,mutant_DB101T,False,None,,True,358.95464134128383,,,,
frozen-mole-lava,mutant_TB51Y,False,None,,True,282.3547492098832,,,,
wild-ram-ivy,run2,False,None,,True,554.9103869999996,,,,
hollow-ibis-rose,run10,False,None,,True,548.1591689999996,,,,
lunar-crane-lava,run9,False,None,,True,156.83816534516407,,,,
quick-quail-leaf,run4,False,None,,True,221.590229898707,,,,
dark-ibis-oak,run5,False,None,,True,483.2527841487738,,,,
swift-shark-pine,run3,False,None,,True,199.76899022259144,,,,
rapid-mole-sand,run1,False,None,,True,307.2576868260435,,,,
steady-bison-cypress,design10,False,None,,True,45.78930783519137,,,,
brisk-deer-opal,bo0,False,None,,True,77.36522561336342,,,,
frozen-bear-flint,design_6,True,Strong,{'url': 'https://proteinbase-pub.t3.storage.dev/kinetic-curves/019bf048-0069-3cfd-bf84-99e088f4c0fa.json'},True,276.36045177961955,2.40046965638404e-08,0.000151116426394989,7704.38615622457,
crimson-toad-orchid,design_5,False,None,,True,192.47442911042003,,,,
young-quail-clay,design_10,True,Strong,{'url': 'https://proteinbase-pub.t3.storage.dev/kinetic-curves/019bf048-006a-2054-6291-9699167b7c15.json'},True,402.1692110911292,9.57341113689309e-10,0.00011097820431479,29574.0266692389,
shy-eagle-fern,design_7,True,Strong,{'url': 'https://proteinbase-pub.t3.storage.dev/kinetic-curves/019bf048-0069-3a30-17ae-f1ce88ad8487.json'},True,177.86490168191153,1.15364676347642e-09,0.00020154580193634,147404.896782464,None
silent-hawk-wave,mut_0100_nb_mimic_1150,False,None,,False,47.96193777104762,,,,
ivory-deer-jade,K3KF,False,None,,True,272.71492264893624,,,,
jade-ox-rose,E2SC,False,None,,True,388.14129025043854,,,,
pale-zebra-quartz,EIVA,False,None,,True,524.6911076464205,,,,
hollow-jaguar-pine,H43P,False,None,,True,518.7246779999996,,,,
golden-cat-orchid,4DMK,False,None,,True,69.51577605862916,,,,
swift-kiwi-vine,evolvex_568,False,None,,True,138.2442852501835,,,,
rapid-lion-reed,run2_init_probs_ss_logit_l118_s310972,False,None,,True,539.199241612584,,,,
dark-jaguar-ember,151_1751,False,None,,True,444.8693884733111,,,,
gentle-raven-rose,60_60,True,Medium,{'url': 'https://proteinbase-pub.t3.storage.dev/kinetic-curves/019bf048-0072-4fb1-b774-be614adc63d1.json'},True,404.78805277584,4.65230640705699e-07,0.000804770141563171,2483.92292798099,
silver-jaguar-jade,56_2456,False,None,,True,57.40226511414607,,,,
mellow-bison-frost,59_4259,False,None,,True,327.4000172869124,,,,
hollow-bat-snow,20_1420,False,None,,True,590.3151757063272,,,,
quick-toad-jade,16_816,False,None,,True,421.343907,,,,
golden-ant-pine,47_647,False,None,,True,625.6105379999996,,,,None
ivory-goat-clay,52_652,False,None,,True,618.6080669999991,,,,
steady-ant-vine,79_3679,False,None,,True,145.07954847191797,,,,
pale-mole-snow,Nipah Binder V-003,False,None,,True,180.15615216205168,,,,
ivory-lion-leaf,Nipah Binder V-008,False,None,,True,182.22290020409315,,,,
violet-ibis-vine,Nipah Binder V-009,False,None,,True,514.3532729999997,,,,
frozen-falcon-reed,Nipah Binder V-010,False,None,,True,151.4228961703439,,,,
calm-orca-lava,Nipah Binder V-007,False,None,,True,246.73873159742,,,,
pale-seal-lotus,Nipah Binder V-006,False,None,,True,77.49879687279486,,,,
crimson-dove-frost,Nipah Binder V-005,False,None,,True,151.73188808876142,,,,
quick-ox-vine,Nipah Binder V-004,False,None,,True,97.1124495576575,,,,
green-cobra-bronze,Nipah Binder V-002,False,None,,True,143.22019322934972,,,,
quiet-toad-cedar,dillbg8,False,None,,True,198.3210855261011,,,,
noble-owl-pine,dillbg9,False,None,,True,441.112368,,,,
solid-gecko-willow,8xps_l5iiin_1_run_0,True,Strong,{'url': 'https://proteinbase-pub.t3.storage.dev/kinetic-curves/019bf048-006d-4ebc-5347-50d69da3150d.json'},True,123.3393806925316,5.55343633012091e-09,0.000127810691823164,11601.5747830797,
scarlet-raven-maple,EPHRIN_B2_176_140_1,True,Strong,{'url': 'https://proteinbase-pub.t3.storage.dev/kinetic-curves/019bf048-0073-e435-1603-8f0c593a82dc.json'},True,330.0296644412333,4.65851129960543e-10,0.000180306692962446,603222.511763411,Full
shy-panda-lotus,EPHRIN_B2_90_54_43,True,Strong,{'url': 'https://proteinbase-pub.t3.storage.dev/kinetic-curves/019bf048-0072-d959-6111-d8e002b06b58.json'},True,354.14816585901195,6.94499182406183e-09,0.00167716831387654,230639.017426781,
radiant-shark-birch,EPHRIN_B2_234_198_25,True,Strong,{'url': 'https://proteinbase-pub.t3.storage.dev/kinetic-curves/019bf048-0071-2697-9afa-26a44605e489.json'},True,81.17114945566729,3.78488889609516e-09,0.00147963527330243,446161.686670423,
steady-eagle-moss,EPHRIN_B2_129_93_160,True,Strong,{'url': 'https://proteinbase-pub.t3.storage.dev/kinetic-curves/019bf048-0070-08fb-f267-3912bc0d4be4.json'},True,55.14247164317308,3.2187848041319e-08,0.000720047583016484,55166.7675518559,
golden-hawk-cypress,rank0504_nipah_g_glyc_2130,False,None,,True,136.58602882478806,,,,
dark-fox-ember,rank0684_nipah_g_glyc_3766,False,None,,True,125.66613613689324,,,,
deep-raven-frost,sequence_2,False,None,,True,71.39267684920233,,,,
vast-owl-moss,N237_batch_2_11_2,False,None,,True,564.1615979999993,,,,
scarlet-otter-fern,nano_1,False,None,,True,81.28599976408343,,,,
azure-dove-flint,nano_5,False,None,,True,156.57823002323448,,,,
jade-heron-oak,020_crop,False,None,,True,78.21376187867166,,,,
solid-mole-crystal,rank_20,False,None,,True,484.4784119999997,,,,
crimson-crow-cloud,rank_27,False,None,,True,244.7317546204685,,,,
pale-panther-ice,rank_23,False,None,,True,490.0640009999997,,,,
misty-zebra-ember,rank_26,False,None,,True,489.6482249999999,,,,
radiant-shark-ruby,rank_21,False,None,,True,195.5773451467264,,,,
crimson-toad-pearl,rank_12,False,None,,True,439.0256227526834,,,,
silver-falcon-sand,rank_11,False,None,,True,446.0381579999997,,,,
wild-jaguar-vine,rank_08,False,None,,True,242.5498189851883,,,,
silent-heron-rose,rank_07,False,None,,True,267.28691108203867,,,,
soft-panda-snow,QVQLQESGPGVVKPSETLSLTCAVSGGSISDTYRWSWIRQPPGKGLEWIGYIYGSATSTYYNPSLKSRVTISKDMSKNQFSLNLNSVTAADTAVYYCARDYQYYYSGSYPTPHNWFDVWGPGVLVTVSPDAPAVTLPAASVPPDIQMTQSPSSLSASVGDRVTITCRASQGIIDYLSWYQQKPGKAPKLLISTASNLESGVPSRFSGSGSGTEFTLTISSLQPEDFATYSCQQGYTTPYTFGQGTKVEIK,True,Strong,{'url': 'https://proteinbase-pub.t3.storage.dev/kinetic-curves/019bf048-0075-690e-2407-9dd72b900fa8.json'},True,151.099999868485,8.0262641453634e-10,0.000112981759752543,95058.5594354749,None
ivory-jaguar-granite,NiVG_l80_s307879,False,None,,True,43.25189910276573,,,,
pale-hawk-bronze,NiVG_l83_s762423,False,None,,True,37.32610699999999,,,,
shy-vole-dust,NiVG_l89_s886488,False,None,,True,66.78283953236564,,,,
small-swan-birch,NiVG_l101_s606977,False,None,,True,42.89828074999999,,,,
noble-goat-fern,NiVG_l119_s224195,False,None,,True,345.9277029556428,,,,
radiant-zebra-opal,nipah_soluble_l106_s710177_mpnn2,False,None,,True,533.1688979999994,,,,
radiant-deer-wave,nipah_soluble_l81_s559442_mpnn20,False,None,,True,441.73594799999984,,,,
hollow-goat-wave,73,False,None,,True,47.89808716830985,,,,
brisk-jaguar-cedar,73,False,None,,True,53.14784892277511,,,,
strong-boar-leaf,73,False,None,,True,34.85896345651361,,,,
noble-toad-reed,73,False,None,,True,46.94771066521061,,,,
calm-ram-sand,1128,False,None,,True,51.84533024999997,,,,
crimson-hawk-cedar,1128,False,None,,True,51.789919249999954,,,,
hollow-panther-rose,1128,False,None,,False,56.66986925,,,,
amber-owl-iron,083,False,None,,True,557.5392629999996,,,,
mellow-zebra-moss,087,False,None,,True,558.8300039999995,,,,
noble-mole-frost,087,False,None,,True,557.5392629999996,,,,
dark-goat-clay,085,False,None,,True,558.3808559999997,,,,
deep-lion-stone,087,False,None,,True,557.9600579999995,,,,
wild-yak-ice,086,False,None,,True,557.5392629999996,,,,
silver-bison-birch,083,False,None,,True,558.8300039999995,,,,
amber-boar-reed,"T=0.1,",False,None,,True,327.5036590732482,,,,
jade-mole-willow,3983_var5,False,None,,True,159.902901402902,,,,
gentle-quail-lava,3983_var3,False,None,,True,215.1160597772984,,,,
calm-wolf-ruby,Design_2,False,None,,False,41.09226574999998,,,,
hollow-toad-cedar,Design_1,False,None,,False,41.62781974999998,,,,
dark-deer-ember,dq1c,False,None,,True,347.0329269186663,,,,
golden-kiwi-ivy,sol3,False,None,,True,129.6066780665761,,,,
deep-vole-orchid,dq2a,False,None,,False,53.07840175,,,,
jade-cobra-pearl,Nipah_full_l150_s951533_mpnn2,False,None,,True,358.2639460299028,,,,
hollow-shark-ash,49_6cmi_kp_ii,False,None,,True,106.1216004496152,,,,
deep-raven-topaz,8_6cmi_kp_ii,False,None,,True,112.24444060882092,,,,
frozen-yak-granite,d2_41-6_2_keep_int_res,True,Strong,{'url': 'https://proteinbase-pub.t3.storage.dev/kinetic-curves/019bf048-0074-507e-9686-e5151d3e6da0.json'},True,132.30397056137352,2.47891870676426e-08,0.000433975970017101,17535.885218353,
shy-ibis-stone,m2_41-6_4_keep_int_res,True,Strong,{'url': 'https://proteinbase-pub.t3.storage.dev/kinetic-curves/019bf048-0074-8678-c5a8-d59a29b4b659.json'},True,97.06859178853443,1.48974869021639e-08,0.000272749745699381,20806.0164400461,None
silver-bee-leaf,m3_41-6_3_skipCDR3,True,Strong,{'url': 'https://proteinbase-pub.t3.storage.dev/kinetic-curves/019bf048-0073-f836-817f-798ad7f57db1.json'},True,171.49948136252766,4.84037797695395e-08,0.000783008994530084,16391.9336296236,
swift-toad-fern,EPHRIN_B2_165_129_108,False,None,,False,53.512675522962425,,,,
dark-vole-cypress,EPHRIN_B2_157_121_47,False,None,,False,52.75992571742712,,,,
noble-gecko-marble,EPHRIN_B2_136_100_26,True,Strong,{'url': 'https://proteinbase-pub.t3.storage.dev/kinetic-curves/019bf048-0072-e9a7-8770-399d651f8fe1.json'},True,58.11122731326403,1.35383139252497e-08,0.000766890302194588,59998.1863177409,
frozen-jaguar-onyx,EPHRIN_B2_175_139_13,True,Strong,{'url': 'https://proteinbase-pub.t3.storage.dev/kinetic-curves/019bf048-0073-f93a-8656-cc12429ba2e2.json'},True,59.77611517629824,6.76355111296143e-09,0.000546846917733623,69370.2411311477,
amber-bee-plume,Wolverine|250|14,False,None,,False,79.12274274999994,,,,
strong-cat-orchid,13_NipahG_l128_s648940_mpnn1_model2_4a2e517a70fe594f613635a802b2bd13a8cac08d,False,None,,True,553.8248630577879,,,,
quiet-wolf-ember,18_NipahG_l142_s762194_mpnn15_model1_cb253e063de010bb7641cd8d67fa18e7f07a1928,False,None,,True,392.38830480049313,,,,
hollow-boar-opal,4_NipahG_l86_s526141_mpnn20_model2_aa1c4539174fd6635e3e4062a83433dba3a90ceb,False,None,,True,241.7506983926576,,,,
scarlet-boar-pine,15_NipahG_l133_s500035_mpnn7_model2_d008e245560e1cc15d97eef642b0e4338181200e,False,None,,False,50.792736749999975,,,,
young-boar-ivy,5_NipahG_l86_s157545_mpnn18_model2_9b9e447550b340bf978f1c6ac5a852956e774320,False,None,,True,142.1974992358374,,,,
brisk-gecko-fern,1_NipahG_l187_s95354_mpnn4_model1_f2f4df8ea3ad1403f20b14f68990bbdddfeffa80,False,None,,True,205.97071419476063,,,,
wild-yak-lava,8_NipahG_l177_s982136_mpnn2_model2_acff2e1aa930236fbe43a39321c233e8a76fb885,False,None,,True,287.7696905044587,,,,
scarlet-jaguar-snow,1_NipahG_l187_s95354_mpnn4_model1_06d3a9220a517bde938764359aa5a4e91b9a09c0,False,None,,True,743.8570129760873,,,,
shy-moth-crystal,13_NipahG_l128_s648940_mpnn1_model2_4a27b86bbc2bb85a1fd27179f11f57dea88bcc72,False,None,,True,365.69809470944807,,,,
violet-lion-iron,nipah_108-resample_4,False,None,,True,492.0856709999997,,,,
rough-fox-moss,batch2,False,None,,True,184.24761135364432,,,,
silver-fox-oak,batch5,False,None,,True,92.01101883032167,,,,
strong-panther-bronze,batch3,False,None,,True,74.4217785209579,,,,
young-ant-marble,batch1,False,None,,True,91.354935653219,,,,
hollow-bison-onyx,moth,False,None,,True,431.84331884143126,,,,
vast-bison-leaf,shy1,False,None,,True,124.20910371197816,,,,
golden-wolf-topaz,rank0162_nipah_g_glyc_0311,False,None,,True,72.46495408154675,,,,
deep-jaguar-ice,QXHM-005,False,None,,True,59.67539946863258,,,,
brisk-heron-frost,12_2VSMnb_0025,False,None,,True,82.33990612823895,,,,
wild-swan-ruby,4_2VSMnb_0176,False,None,,True,117.57021083409388,,,,
young-tiger-maple,2511271500_2VSMpept_233,False,None,,True,75.63338078183179,,,,
quick-deer-snow,Seq4,False,None,,True,77.24000551292757,,,,
vast-quail-sand,Seq1,False,None,,True,28.450679843619447,,,,
misty-dove-jade,adaptyvG_rank011_2VSM_v2c_0984,False,None,,True,143.80263194469302,,,,
frozen-dove-ivy,adaptyvG_2VSM_v4a_0972,False,None,,True,378.6771119999999,,,,
mellow-deer-crystal,adaptyvG_2VSM_v4c_433,False,None,,True,419.0512589999999,,,,
hollow-panda-frost,adaptyvG_rank026_2VSM_v2c_1480,False,None,,True,111.72601367954202,,,,
silent-shark-sand,prot_3876,False,None,,True,220.1925060408463,,,,
bright-boar-pine,5_epherin_decoy_093_ipSAE=0.833893_ipSAE_min=0.728624_ipTM=0.8983,False,None,,False,52.83735999999996,,,,
steady-crow-vine,X178-01-0010,False,None,,True,93.39829854660974,,,,
mellow-bat-willow,X178-01-1803,False,None,,True,86.57093919153932,,,,
radiant-vole-sand,X178-01-0756,False,None,,True,94.49267257193269,,,,
shy-toad-maple,"nipah_8xc4_seq_hotspot_run_1_best_structure_run_2_best_structure|ipSAE_min=0.51,ipSAE_max=0.68,rank=14",False,None,,True,307.9325790254149,,,,
quick-goat-willow,"nipah_binder_l181_s575430_mpnn2_model1_run_2_best_structure_run_0_overall_best|ipSAE_min=0.68,ipSAE_max=0.74,rank=1",False,None,,True,250.0317368035558,,,,
azure-cat-cypress,"8XPS_run_11_overall_best|ipSAE_min=0.71,ipSAE_max=0.77,rank=1",False,None,,True,351.5597204088348,,,,
bright-ram-ember,latentx-Nipah_53,False,None,,True,98.36708902843914,,,,
ivory-quail-frost,bindcraft-Nipah_4,False,None,,False,35.35622350000001,,,,
quiet-bee-cedar,bindcraft-Nipah_1,False,None,,True,230.52982602925312,,,,
gentle-eagle-dust,bindcraft-Nipah_46,False,None,,True,64.10619477687943,,,,
misty-yak-leaf,bindcraft-Nipah_12,False,None,,True,84.07332527211089,,,,
pale-seal-moss,latentx-Nipah_49,False,None,,True,85.13816616912321,,,,
dark-ibis-vine,latentx-Nipah_50,True,Medium,{'url': 'https://proteinbase-pub.t3.storage.dev/kinetic-curves/019bf048-0075-5666-71e7-cbd1e113d989.json'},True,380.17072800000005,2.11784330452892e-07,0.00227267916650441,10731.1015958753,
solid-hawk-quartz,latentx-Nipah_17,True,Medium,{'url': 'https://proteinbase-pub.t3.storage.dev/kinetic-curves/019bf048-0075-1cbc-66b2-3e5ce6f794c6.json'},True,306.9236394323144,6.23935460862555e-08,0.000437471404769462,7412.84247570337,
shy-moth-topaz,latentx-Nipah_56,False,None,,True,61.55815148075025,,,,
silver-gecko-wave,Sequence 4,False,None,,True,27.424982705376607,,,,
violet-bison-ember,Sequence 2,False,None,,True,420.4834169999999,,,,
soft-crow-dust,proteing_run3_63_dldesign_4_af2pred,False,None,,True,328.631106,,,,
hollow-heron-ice,proteing_run9_69_dldesign_1_af2pred,False,None,,True,457.06297799999976,,,,
quiet-seal-thorn,proteing_run9_69_dldesign_2_af2pred,False,None,,True,438.28713599999975,,,,
violet-quail-cloud,pareto_5_ipsae=0.803_rosetta_dg=0.683,False,None,,True,52.03546774999997,,,,
wild-dove-rose,nipah_binder_l80_s274287_mpnn6_model1_consensus_N_113_top_frac_0.05_ridge_rank2_p0_sc0.67,False,None,,True,422.4998570688151,,,,
lunar-moth-wave,11_27,False,None,,False,64.23599375,,,,
soft-crane-frost,11_27,False,None,,False,70.96243325,,,,
violet-otter-frost,2VSM_l113_s161249_B,False,None,,True,344.579734228962,,,,
noble-ibis-moss,2VSM_l145_s752432_B,False,None,,True,118.82453758156082,,,,
noble-owl-clay,2VSM_l141_s632281_B,False,None,,False,58.15423463327665,,,,
brisk-cobra-maple,2VSM_l118_s928934_B,False,None,,False,49.21671960305565,,,,
ivory-falcon-rose,2VSM_l147_s152991_B,False,None,,False,59.68587116133768,,,,
deep-seal-rose,2VSM_l92_s338453_B,False,None,,False,38.87211799999999,,,,
shy-ox-cloud,nano_3,False,None,,True,114.06661677411591,,,,
jade-shark-lotus,nano_1,False,None,,True,117.5830412134178,,,,
lunar-fox-opal,ZS-hth_008-20251128,False,None,,True,258.149736,,,,
amber-falcon-pearl,ZS-hth_006-20251128,False,None,,True,259.863165,,,,
young-toad-ice,1abc2_L92K,False,None,,True,311.4849329938449,,,,
ivory-zebra-ash,1abc2_L92R,False,None,,True,299.2940284500075,,,,
deep-quail-crystal,3abe3,False,None,,True,423.8502179999999,,,,
pale-owl-lava,rank0001_nipah_g_glyc_3054,False,None,,True,74.59460896031068,,,,
gentle-bison-marble,design_15,True,Strong,{'url': 'https://proteinbase-pub.t3.storage.dev/kinetic-curves/019bf048-006a-52ae-dfd8-76d4a69bc283.json'},True,140.87145717193877,1.42281751508607e-08,0.000196997296935196,9794.62059099383,
dark-boar-ice,design_19,True,Strong,{'url': 'https://proteinbase-pub.t3.storage.dev/kinetic-curves/019bf048-006a-7e2c-2f28-34cb001808e8.json'},True,593.6353120779888,5.68768617077305e-09,3.0869345371648e-05,5427.39955138072,
noble-swan-clay,design_16,True,Strong,{'url': 'https://proteinbase-pub.t3.storage.dev/kinetic-curves/019bf048-006a-553c-7320-4321b7109f1b.json'},True,115.48478585209796,3.12281204596121e-08,0.00029274295337583,15404.1922344357,
steady-eagle-oak,design_1,True,Medium,{'url': 'https://proteinbase-pub.t3.storage.dev/kinetic-curves/019bf048-006a-52c6-c5de-5fc2622fa762.json'},True,184.721731506864,7.82424707718763e-08,0.00143479436629471,33137.1888041303,
swift-ibis-sand,design_7,True,Strong,{'url': 'https://proteinbase-pub.t3.storage.dev/kinetic-curves/019bf048-0069-6a78-7c5a-3d1bcc6aab09.json'},True,116.52349958418397,1.33612339125772e-08,0.000354151103520948,114641.097697408,None
quiet-raven-clay,5837,False,None,,True,229.07777997384164,,,,
calm-ant-dust,3601,False,None,,True,83.1617199584595,,,,
shy-moth-ice,6265,False,None,,False,44.77953529237048,,,,
vast-crow-leaf,3983,False,None,,True,245.7064895655573,,,,
lunar-ant-orchid,sandwhich5,False,None,,True,259.61831468099393,,,,
solid-crow-moss,sandwhich2,False,None,,True,413.9972489999999,,,,
scarlet-lynx-lava,seq3,False,None,,True,46.42928424999997,,,,
strong-ox-granite,adaptyvG_2VSM_v4e_4071,False,None,,True,102.7592369244181,,,,
silver-falcon-cedar,adaptyvG_2VSM_v4e_3604,False,None,,True,396.4806449999999,,,,
deep-eagle-ivy,adaptyvG_2VSM_v4e_3162,False,None,,True,110.5526854429723,,,,
crimson-orca-quartz,adaptyvG_rank007_2VSM_v2c_0438,False,None,,True,80.14690643026121,,,,
vast-crow-opal,adaptyvG_2VSM_v4c_845,False,None,,True,28.350959355981978,,,,
crimson-gecko-pine,Close_Random_966,False,None,,True,85.39538144177376,,,,
silent-lynx-clay,Close_WT_817,False,None,,True,105.40469930273142,,,,
silver-fox-cypress,Close_Random_1035,False,None,,True,96.67237414639642,,,,
small-hawk-birch,Close_Random_2060,False,None,,True,172.75535034564322,,,,
swift-dove-ice,Close_WT_1025,False,None,,True,227.7822157920816,,,,
quiet-tiger-vine,epherin_decoy_046,False,None,,True,52.074451,,,,
ivory-shark-crystal,epherin_decoy_092,False,None,,False,52.069519,,,,
vast-ram-cedar,iptm022_iptm_local_090,False,None,,True,265.92140638180814,,,,
small-fox-flint,t,False,None,,True,256.3602824688199,,,,
misty-bison-lava,will,False,None,,False,52.14258924999997,,,,
dark-ant-crystal,064,False,None,,True,52.75322075,,,,
rough-tiger-snow,076,False,None,,True,324.83167418932067,,,,
misty-bee-stone,058,False,None,,False,52.90757049999998,,,,
steady-cat-jade,gemini3_iptm080,False,None,,False,52.437581,,,,
green-fox-fern,iptm023_iptm_local_071,False,None,,True,487.380045588356,,,,
frozen-orca-ruby,iptm065,False,None,,True,230.6496868562992,,,,
misty-cobra-crystal,NIV_BZ_TS160_F7,False,None,,True,63.69015882991231,,,,
mellow-heron-leaf,NIV_BZ_TS160_F14,False,None,,True,171.79589911354995,,,,
pale-gecko-cypress,NIV_BZ_TS160_F3,False,None,,True,294.3560980166247,,,,
misty-dove-flint,NIV_BZ_TS160_F8,False,None,,True,94.0845506885098,,,,
shy-fox-marble,NIV_BZ_TS160_F13,False,None,,True,160.71746187041845,,,,
soft-bison-onyx,NIV_BZ_TS160_F24,False,None,,True,276.7231698803508,,,,
soft-ant-ember,NIV_BZ_TS160_F1,False,None,,True,185.99160561390784,,,,
bright-ram-jade,nipah_soluble_l93_s202522_mpnn3,False,None,,True,129.5493435218868,,,,
quiet-panther-wave,Seq5,False,None,,True,46.56810201808956,,,,
ivory-deer-clay,Seq10,False,None,,True,131.88283561841618,,,,
soft-panda-rose,Seq8,False,None,,False,27.55432749999999,,,,
golden-owl-onyx,Seq7,False,None,,True,87.70922201087326,,,,
jade-cobra-thorn,Seq3,False,None,,False,27.92474074999999,,,,
radiant-falcon-pearl,try06_29_12700,False,None,,True,28.15931332294417,,,,
steady-eagle-ice,mut_0100_nb_cond_scan_4198,False,None,,True,138.15915931523605,,,,
wild-bear-maple,"b6ininin_166|ipSAE_min=0.73,ipSAE_max=0.80,rank=1",False,None,,True,528.3442949999996,,,,
pale-bear-thorn,"h6i_i_i_3_run_0_overall_best_2|ipSAE_min=0.59,ipSAE_max=0.80,rank=9",False,None,,True,339.22627120561816,,,,
crimson-falcon-orchid,"b5iinin_1_run_0__overall_best|ipSAE_min=0.62,ipSAE_max=0.78,rank=6",False,None,,True,206.88433643065693,,,,
shy-bison-sand,"b3iii_1|ipSAE_min=0.51,ipSAE_max=0.81,rank=18",False,None,,True,361.64654099999984,,,,
strong-tiger-thorn,"b3nnn_2_run_0_overall_best|ipSAE_min=0.51,ipSAE_max=0.78,rank=17",False,None,,True,127.9245443971479,,,,
hollow-heron-thorn,rank_15_NiG_binder_0016_min_ipSAE=0.617325,False,None,,True,268.845696091941,,,,
azure-crow-cypress,design5_98-T_0.12-sample_2_ref6_2025-11-26_13_51_boltz2,False,None,,True,353.34830568587057,,,,
gentle-gecko-jade,hall4,False,None,,True,254.0471502154097,,,,
strong-quail-ember,hall1,False,None,,True,323.495148,,,,
calm-cobra-stone,hall3,False,None,,True,91.93340992181211,,,,
rapid-gecko-ice,hall8,False,None,,True,63.21396767504296,,,,
misty-zebra-ruby,hall9,False,None,,True,389.5353149999999,,,,
strong-mole-cypress,hall7,False,None,,True,122.47190074627017,,,,
radiant-zebra-iron,hall6,False,None,,True,71.12619135275992,,,,
rapid-crow-orchid,hall5,False,None,,True,432.0371189999997,,,,
pale-swan-jade,hall2,False,None,,True,119.9009638675126,,,,
pale-crow-pearl,idx_4_idx_tmp_tmp_job_234_n_473_id_27_seq_1_model_0_B,False,None,,True,362.277402,,,,
mellow-moth-lotus,idx_10_idx_tmp_tmp_job_384_n_500_id_49_seq_3_model_0_B,False,None,,False,44.10984943057707,,,,
soft-ibis-vine,idx_1_idx_tmp_tmp_job_13_n_503_id_58_B,False,None,,True,469.79694299999977,,,,
small-wolf-pine,nipah_119-resample_3,False,None,,True,335.97274551363074,,,,
wild-quail-moss,nipah_10-resample_7,False,None,,True,352.8092947430945,,,,
quiet-fox-clay,aaa,False,None,,True,52.38454136820926,,,,
wild-lynx-pearl,ARB27,False,None,,True,55.66017213661867,,,,
silver-heron-granite,prot_8,False,None,,True,407.4728039999999,,,,
quick-yak-leaf,candidate_5,False,None,,True,271.980799439323,,,,
golden-owl-fern,brisk2,False,None,,True,140.6091328203632,,,,
strong-ant-wave,mellow3,False,None,,True,49.2003403739521,,,,
silver-crane-lava,mellow2,False,None,,True,124.41314721253772,,,,
azure-ibis-dust,vhh_best_B,False,None,,False,45.60870999999997,,,,
golden-raven-fern,gylcan_2,True,Medium,{'url': 'https://proteinbase-pub.t3.storage.dev/kinetic-curves/019bf048-0069-59f8-4d4a-fa052ae2ace0.json'},True,612.6666067517594,1.20002326693451e-07,0.00138447516112973,10312.1489468496,
dark-orca-topaz,boltz_results_boltz2_iter_9_iter_0_20251125_131952_2_dldesign_1,False,None,,False,47.15796299999995,,,,
strong-toad-dust,1EBwE4_model_0_B,False,None,,True,339.3882990000001,,,,
rough-bison-flint,ttDRB5_model_0_B,False,None,,True,191.9663728086411,,,,
dark-yak-snow,oLw1s0_model_0_B,True,Strong,{'url': 'https://proteinbase-pub.t3.storage.dev/kinetic-curves/019bf048-006d-f47f-5ce0-f194972fa8ac.json'},True,377.715399,3.26426069600762e-08,0.000361305115709581,10995.5650614511,
steady-mole-quartz,oc6tcM_model_0_B,False,None,,True,336.89435700000007,,,,
vast-mole-thorn,mOSBNj_model_0_B,False,None,,True,126.31056619104608,,,,
rapid-cat-plume,Dys3iu_model_0_B,True,Strong,{'url': 'https://proteinbase-pub.t3.storage.dev/kinetic-curves/019bf048-006f-5ac4-4970-2bf286013135.json'},True,367.7116470000001,5.38336407498334e-08,0.000502750431420226,15165.6416876196,
solid-mole-quartz,5WPU11_model_0_B,False,None,,True,336.141384,,,,
silent-toad-ash,ktAE4O_model_0_B,False,None,,True,213.43379826125224,,,,
rough-cat-ash,66,False,None,,True,442.5847469999999,,,,
silent-gecko-vine,66,False,None,,True,440.393229,,,,
small-moth-lotus,73,False,None,,True,41.39331076707187,,,,
bright-yak-pine,73,False,None,,True,34.02132825,,,,
dark-bat-quartz,73,False,None,,True,38.20817718951738,,,,
radiant-mole-quartz,66,False,None,,True,441.5076569999999,,,,
frozen-lynx-vine,66,False,None,,True,445.916517,,,,
silver-crow-frost,73,False,None,,True,33.96620999999999,,,,
silver-kiwi-reed,73,False,None,,True,33.97886274999999,,,,
radiant-boar-frost,66,False,None,,True,441.960627,,,,
scarlet-orca-marble,mut_1111_nb_cond_optioned_3983,False,None,,False,46.421749749999975,,,,
golden-bison-reed,sequence_IFILTER_24,True,Medium,{'url': 'https://proteinbase-pub.t3.storage.dev/kinetic-curves/019bf048-006b-9871-30ea-81710f847463.json'},True,427.4207249999997,1.72681059929511e-07,0.000544833913835643,4616.43660211025,
pale-cat-plume,sequence_IFILTER_25,True,Strong,{'url': 'https://proteinbase-pub.t3.storage.dev/kinetic-curves/019bf048-006b-1edf-e739-68f98bc1f568.json'},True,436.4634749999997,6.35268987883547e-08,0.000642077873217072,9978.84704776766,
misty-quail-maple,NiV-G_fold_peptide_relaxed_l37_s43362_mpnn11_model2,False,None,,True,269.07945,,,,
wild-bee-orchid,ph_mpnn_1,True,Medium,{'url': 'https://proteinbase-pub.t3.storage.dev/kinetic-curves/019bf048-006e-0399-ccac-357f03123328.json'},True,580.6387694145251,1.57509225875757e-07,0.000583391595469798,3312.70605806304,
scarlet-orca-oak,peptide_scaffold_2,False,None,,True,368.04799387577714,,,,
quiet-lynx-cloud,peptide_scaffold_5,False,None,,False,44.97245216632441,,,,
young-mole-frost,peptide_scaffold_3,False,None,,True,130.80999678567875,,,,
silent-ram-quartz,peptide_scaffold_4,False,None,,False,53.17840449769199,,,,
crimson-kiwi-cloud,try04_57_04900,False,None,,True,35.01660437395147,,,,
ivory-dove-ivy,try03_27_01400,False,None,,True,31.94832192155597,,,,
swift-toad-stone,cls_3_tmp_job_129_n_500_id_83_B,False,None,,True,88.87617891954865,,,,
hollow-shark-ruby,cls_69_tmp_job_121_n_465_id_52_seq_1_model_0_B,False,None,,True,324.277557,,,,
gentle-crane-snow,ZS-hth_005-20251126,False,None,,True,131.30664014764665,,,,
gentle-hawk-wave,ZS-hth_001-20251126,False,None,,True,72.43463824748716,,,,
lunar-bat-sand,4x_17_ipsae_min_optimised,False,None,,True,535.1378612180217,,,,
hollow-bear-cloud,ARB14,False,None,,True,48.04867089278988,,,,
misty-moth-birch,Nipah_binder_995,False,None,,False,58.11692275,,,,
brisk-dove-cedar,Nipah_v0_l100_s203295,False,None,,False,58.71882977572108,,,,
jade-lynx-jade,nipah_46-resample_1,False,None,,True,562.2835709999994,,,,
quick-panda-opal,nipah_96-resample_7,False,None,,True,162.16397840135932,,,,
jade-falcon-moss,prot_8,False,None,,True,424.6876409999999,,,,
hollow-eagle-pine,prot_7,False,None,,True,41.36892246793894,,,,
radiant-fox-marble,prot_6,False,None,,True,172.8652122232762,,,,
small-otter-oak,gg,False,None,,False,45.50728924999998,,,,
radiant-cobra-granite,bb,False,None,,True,53.05083674999999,,,,
bright-gecko-maple,c2_B,False,None,,True,167.2594781905202,,,,
crimson-raven-reed,c13_B,False,None,,True,317.1838990365871,,,,
soft-hawk-fern,8xps_optimized_2,False,None,,True,99.56522610801188,,,,
noble-toad-bronze,rank_06_NiG_binder_0051_min_ipSAE=0.664877,True,Medium,{'url': 'https://proteinbase-pub.t3.storage.dev/kinetic-curves/019bf048-0071-defc-7bfc-536066b3f0ac.json'},True,145.03853990649148,7.88707100400444e-08,0.000666734087812348,18287.2984709497,
brisk-yak-onyx,rank_08_NiG_binder_0043_min_ipSAE=0.659921,False,None,,True,516.5445355747045,,,,
gentle-deer-granite,rank_09_NiG_binder_0021_min_ipSAE=0.653513,False,None,,True,551.7592871337058,,,,
vast-ibis-topaz,rank_05_NiG_binder_0044_min_ipSAE=0.680250,False,None,,True,560.5937352098852,,,,
silver-raven-moss,rank_02_NiG_binder_0034_min_ipSAE=0.723845,True,Medium,{'url': 'https://proteinbase-pub.t3.storage.dev/kinetic-curves/019bf048-0070-db34-bb8b-b1949d99400e.json'},True,158.5585982127513,1.21757345363404e-07,0.0015395475361268,12644.3914453931,
silver-bear-ice,N1035,True,Medium,{'url': 'https://proteinbase-pub.t3.storage.dev/kinetic-curves/019bf048-006d-0fd3-3d50-b990fa412fd3.json'},True,418.8336839999997,6.51642572632947e-08,0.000237495377398852,6007.47528714272,
small-goat-stone,N1033,True,Strong,{'url': 'https://proteinbase-pub.t3.storage.dev/kinetic-curves/019bf048-006d-ee9c-968d-6aaa54cbd5ff.json'},True,373.7312556946558,3.86696550177925e-08,0.00037332204475592,10003.395582086,
steady-mole-iron,N1034,True,Strong,{'url': 'https://proteinbase-pub.t3.storage.dev/kinetic-curves/019bf048-006d-3f4f-329c-682484425884.json'},True,232.70699689560743,3.97322866235415e-08,0.000232762774181063,5292.59828268992,
shy-otter-jade,N1032,True,Strong,{'url': 'https://proteinbase-pub.t3.storage.dev/kinetic-curves/019bf048-006d-a92f-f13c-887d91be503c.json'},True,427.45469699999967,1.47510070384577e-08,0.000896038780639682,42707.0306736195,
hollow-moth-frost,N1031,True,Medium,{'url': 'https://proteinbase-pub.t3.storage.dev/kinetic-curves/019bf048-006e-68cd-fdde-1a98c5ab6769.json'},True,277.12060497649964,1.12589752696999e-07,0.000774834679680856,7214.3929968886,
radiant-seal-bronze,dill7,False,None,,True,213.0258693439048,,,,
steady-heron-oak,1,False,None,,False,47.94847874999997,,,,
misty-ram-fern,tmp_tmp_job_182_n_537_id_24_B,False,None,,True,97.29883542617549,,,,
quiet-otter-bronze,ZS-hth_003-20251125,False,None,,True,44.12616015967994,,,,
strong-eagle-snow,ZS-hth_001-20251125,False,None,,True,45.96661291439663,,,,
quick-mole-snow,NPG_helix_des3_final,True,Strong,{'url': 'https://proteinbase-pub.t3.storage.dev/kinetic-curves/019bf048-0074-6fbd-8878-c6a8e9c3d379.json'},True,533.2721969999996,5.70199596344991e-08,0.000562940785888885,12099.6300367791,
golden-fox-marble,NPG_helix_des1_final,True,Medium,{'url': 'https://proteinbase-pub.t3.storage.dev/kinetic-curves/019bf048-0075-c0cf-2ecd-51a0ccf47d53.json'},True,262.8404873432325,7.16795465524644e-08,0.000399998951684926,6006.07950259904,
quick-quail-ash,NPG_helix_des2_final,False,None,,True,186.01701200736565,,,,
brisk-bear-wave,NPG_strand_des9_final,False,None,,True,266.5808350138945,,,,
deep-tiger-leaf,NPG_strand_des8_final,False,None,,True,99.82562680701304,,,,
amber-tiger-moss,NPG_strand_des7_final,False,None,,True,285.7174122232399,,,,
solid-swan-ember,NPG_strand_des5_final,True,Strong,{'url': 'https://proteinbase-pub.t3.storage.dev/kinetic-curves/019bf048-0075-dbf7-36b7-9fe5a7def0b5.json'},True,343.6384652602403,1.70875661283486e-08,4.15249326436447e-05,2065.52280668231,
rough-eagle-flint,Optimized2VSM,False,None,,True,58.83393595791149,,,,
shy-cat-leaf,rank0130_nipah_g_glyc_2270,False,None,,True,103.59121370708424,,,,
gentle-wolf-ruby,Ariax-BG-VHH-11,False,None,,True,90.71059140373504,,,,
deep-orca-quartz,Ariax-BCMP-11,False,None,,True,358.79920643599104,,,,
solid-ram-marble,251123c_54,False,None,,True,103.32860484088536,,,,
radiant-otter-opal,251121_1_91,False,None,,True,190.0887384575775,,,,
jade-bat-rose,251121_1_37,False,None,,True,410.76155457915934,,,,
deep-yak-stone,251121_1_78,False,None,,True,121.82470407266491,,,,
green-heron-bronze,design2,False,None,,True,183.3540554783232,,,,
golden-quail-crystal,design4,True,Medium,{'url': 'https://proteinbase-pub.t3.storage.dev/kinetic-curves/019bf048-0070-3adb-af15-94b428764606.json'},True,308.16154618281735,1.3835727024091e-07,0.000822209370392129,6049.69691819852,
golden-vole-quartz,design6,False,None,,True,257.53959219906267,,,,
calm-toad-opal,design5,False,None,,True,320.3542726962518,,,,
calm-shark-granite,design3,True,Medium,{'url': 'https://proteinbase-pub.t3.storage.dev/kinetic-curves/019bf048-0070-0ad9-3d96-92c647f8bf48.json'},True,310.98179703774736,3.09686762342775e-08,0.000239891251387064,3446.64001288365,
young-ram-cloud,N237_batch_17_121_5,True,Strong,{'url': 'https://proteinbase-pub.t3.storage.dev/kinetic-curves/019bf048-006b-59bc-f9ba-c1c45e48986e.json'},True,551.4286409999997,4.60711315542081e-08,0.000321513938885145,4066.27227900909,
golden-crane-orchid,nipah_scfv_s967801_abmpnn_3,False,None,,True,136.4335157602394,,,,
misty-deer-lotus,nipah_scfv_s967801_abmpnn_2,False,None,,True,148.55547156074596,,,,
ivory-quail-flint,seq10,False,None,,True,93.25859324261916,,,,
green-orca-lava,seq1,False,None,,True,187.2082851418415,,,,
pale-owl-moss,prot_5,False,None,,True,54.43709698071658,,,,
mellow-fox-thorn,protein_0_energy_15.99,False,None,,False,79.97043925,,,,
golden-hawk-reed,protein_0_energy_15.93,False,None,,False,77.20344124999997,,,,
quiet-crow-snow,protein_0_energy_15.95,False,None,,True,79.25271000000002,,,,
mellow-toad-jade,protein_1_energy_15.95,False,None,,True,97.70919967618208,,,,
shy-bee-bronze,protein_0_energy_15.95,False,None,,False,76.61241074999998,,,,
strong-lion-marble,protein_0_energy_15.98,False,None,,False,79.69537425,,,,
green-lynx-leaf,protein_0_energy_15.96,False,None,,True,79.5849295,,,,
noble-heron-jade,protein_0_energy_16.03,False,None,,False,78.8420295,,,,
rapid-deer-wave,protein_0_energy_16.00,False,None,,False,79.377414,,,,
young-dove-birch,protein_0_energy_16.04,False,None,,False,86.33445379221344,,,,
scarlet-vole-ice,protein_40_energy_14.24,False,None,,False,79.59816475000002,,,,
calm-jaguar-granite,protein_49_energy_14.05,False,None,,True,89.09487875568288,,,,
dark-jaguar-rose,protein_47_energy_14.05,False,None,,True,78.40378500000001,,,,
golden-lion-ice,protein_46_energy_14.09,False,None,,False,78.69715024999999,,,,
young-falcon-ruby,protein_48_energy_14.05,False,None,,False,80.84090871129523,,,,
deep-lion-thorn,protein_44_energy_14.13,False,None,,False,82.53454962384667,,,,
swift-otter-topaz,protein_45_energy_14.10,False,None,,True,86.8033439242447,,,,
quiet-deer-oak,protein_43_energy_14.18,False,None,,True,84.86307777731048,,,,
soft-cobra-wave,protein_41_energy_14.22,False,None,,False,79.13475025,,,,
jade-deer-ember,protein_42_energy_14.20,False,None,,False,78.74885025,,,,
bright-kiwi-reed,NiVG_Binder_61_DivyanB,False,None,,True,396.7242299999999,,,,
pale-ant-ice,NiVG_Binder_59_DivyanB,False,None,,True,441.9260459999997,,,,
golden-bear-lava,NiVG_Binder_57_DivyanB,False,None,,True,266.79255183161536,,,,
calm-bee-plume,nipah_369_349_371_378_17_model_1_seq8_len143_chainA_model_0.cif,False,None,,True,431.8926037386312,,,,
quiet-yak-jade,nipah_369_349_371_378_17_model_0_seq2_len143_chainA_model_0.cif,False,None,,True,629.8561020000001,,,,
pale-lynx-fern,protein_1_energy_15.45,False,None,,False,87.08555364924213,,,,
noble-moth-cypress,protein_9_energy_15.24,False,None,,False,88.27547006917672,,,,
rough-ox-opal,protein_7_energy_15.29,False,None,,False,78.71972525000001,,,,
frozen-crow-cedar,protein_6_energy_15.31,False,None,,False,83.9626907512898,,,,
soft-quail-vine,protein_4_energy_15.42,False,None,,True,105.8621309804033,,,,
violet-ibis-reed,protein_2_energy_15.45,False,None,,True,312.58470311928284,,,,
amber-zebra-rose,design_1438_ipSAEmin_0.686,False,None,,True,45.55229782770371,,,,
radiant-quail-cypress,variant_v2_036_E24D_ipSAE_0.8277_ipTM_0.9242,False,None,,True,30.310598964060933,,,,
dark-heron-rose,protein_0_energy_15.92,False,None,,True,166.3432920754822,,,,
rapid-lynx-bronze,protein_1_energy_15.87,False,None,,True,103.96636331467822,,,,
jade-ant-orchid,protein_0_energy_15.87,False,None,,False,78.59651875000003,,,,
noble-bee-marble,protein_0_energy_15.88,False,None,,False,78.89248050000003,,,,
vast-ant-quartz,protein_1_energy_15.88,False,None,,True,76.84369495252132,,,,
mellow-heron-onyx,protein_0_energy_15.89,False,None,,False,79.4727,,,,
silver-heron-orchid,protein_0_energy_15.91,False,None,,True,80.06724539736074,,,,
brisk-swan-granite,protein_0_energy_15.93,False,None,,True,122.3327118927279,,,,
scarlet-ox-wave,protein_0_energy_15.93,False,None,,True,139.44020087301226,,,,
calm-goat-jade,protein_36_energy_14.33,False,None,,True,113.25590291519974,,,,
wild-moth-ash,protein_39_energy_14.26,False,None,,True,138.90748682232396,,,,
dark-boar-crystal,protein_38_energy_14.28,False,None,,True,438.47468239456646,,,,
calm-ram-clay,protein_37_energy_14.29,False,None,,True,109.27339485219925,,,,
violet-ant-bronze,protein_34_energy_14.40,False,None,,True,257.43583294320644,,,,
brisk-hawk-oak,protein_35_energy_14.34,False,None,,False,80.25087796361828,,,,
lunar-goat-granite,protein_33_energy_14.42,False,None,,False,79.88095920267372,,,,
dark-wolf-quartz,protein_32_energy_14.46,False,None,,True,130.08378430343203,,,,
violet-deer-frost,protein_30_energy_14.50,False,None,,False,78.7965655,,,,
soft-owl-wave,protein_759_0,False,None,,True,52.32984125,,,,
solid-vole-frost,protein_426_0,False,None,,True,56.25573534904258,,,,
mellow-fox-vine,protein_331_1,False,None,,True,53.98087472684345,,,,
hollow-gecko-plume,protein_193_1,False,None,,False,51.81425075,,,,
lunar-shark-pine,protein_371_1,False,None,,True,54.63099017079322,,,,
pale-swan-willow,protein_174_1,False,None,,True,53.93991080293196,,,,
radiant-cobra-wave,protein_22_1,False,None,,True,54.29642989764269,,,,
violet-mole-ruby,protein_158_0,False,None,,True,57.52748639700568,,,,
jade-hawk-iron,protein_228_0,False,None,,True,51.51418599999998,,,,
young-swan-jade,protein_663_0,False,None,,True,53.672086865049245,,,,
calm-crane-clay,ll2207,False,None,,True,99.58114958114162,,,,
silent-kiwi-cedar,rank0018_nipah_g_glyc_0302,False,None,,True,134.42342882482436,,,,
bright-zebra-pearl,protein_10_energy_15.23,False,None,,False,79.48545975000002,,,,
steady-swan-moss,protein_17_energy_14.86,False,None,,False,79.51283875000003,,,,
deep-crow-iron,protein_19_energy_14.79,False,None,,True,89.21876763933206,,,,
lunar-fox-vine,protein_18_energy_14.82,False,None,,False,95.77971124475556,,,,
solid-crane-pine,protein_16_energy_14.89,False,None,,True,95.50047062401568,,,,
rough-gecko-plume,protein_15_energy_14.90,False,None,,True,81.72120690889665,,,,
steady-fox-cloud,protein_13_energy_15.03,False,None,,True,108.93969266846128,,,,
silent-deer-vine,protein_14_energy_14.93,False,None,,True,84.3044476236455,,,,
solid-lynx-pine,protein_11_energy_15.15,False,None,,False,79.77328600000001,,,,
bright-seal-granite,rank02_549ba3e67bb54b969ba4560ffe28eed4,False,None,,True,242.648259,,,,
violet-eagle-ruby,Ariax-BGMP-10,False,None,,True,279.5726660498116,,,,
golden-eagle-sand,nipah_349_61_model_3_seq3_len184_chainA_model_0.cif,False,None,,True,347.0804862993089,,,,
scarlet-wolf-fern,try05_21_00600,False,None,,True,64.1093194320059,,,,
bright-bat-bronze,try05_36_00900,False,None,,True,64.3649274213607,,,,
dark-swan-pine,conservative_variant_15_iptm_0.8859,False,None,,True,33.644874211909205,,,,
young-vole-topaz,nipah_l146_s222932_mpnn6_model2,False,None,,True,337.1118950762669,,,,
scarlet-tiger-ember,nipah_l195_s571490_mpnn15_model2,False,None,,True,199.4824479246308,,,,
noble-otter-moss,nipah_l196_s51341_mpnn5_model2,False,None,,True,226.79160611362752,,,,
strong-panda-orchid,nipah_l185_s974603_mpnn6_model2,False,None,,True,597.3861167504073,,,,
rapid-ibis-granite,nipah_l165_s965172_mpnn11_model2,False,None,,True,608.1414507321022,,,,
gentle-lion-cedar,nipah_l108_s903178_mpnn10_model2,False,None,,True,545.1893069999996,,,,
soft-cobra-cypress,nipah_l146_s222932_mpnn1_model2,False,None,,True,303.0943415245165,,,,
hollow-vole-orchid,nipah_l187_s602325_mpnn2_model2,False,None,,True,341.01617195116324,,,,
misty-panda-snow,nipah_l187_s602325_mpnn8_model2,False,None,,True,333.9231679198247,,,,
swift-crane-topaz,top10_binder_seq_iter1_5,False,None,,True,75.15090956046947,,,,
ivory-falcon-quartz,top10_binder_seq_iter1_8,False,None,,True,63.57003294160136,,,,
jade-jaguar-vine,top10_binder_seq_iter1_9,False,None,,True,58.80756817149609,,,,
young-bat-lava,top10_binder_seq_iter1_7,False,None,,True,69.24432948209123,,,,
strong-ant-thorn,top10_binder_seq_iter1_6,False,None,,True,72.03378169426757,,,,
brisk-shark-opal,top10_binder_seq_iter1_3,False,None,,False,60.306100049610166,,,,
hollow-cobra-marble,top10_binder_seq_iter1_4,False,None,,True,70.08574312100936,,,,
strong-toad-topaz,top10_binder_seq_iter1_2,False,None,,True,50.7727851843005,,,,
dark-bee-pearl,top10_binder_seq_iter1_1,False,None,,True,85.53461775047604,,,,
steady-cobra-bronze,top10_binder_seq_iter1_0,False,None,,True,78.23892344651097,,,,
mellow-lynx-moss,len_75_trial4_85_ipsae_min_0.682935_ipsae_max_0.854408,False,None,,True,340.70145502097137,,,,
scarlet-quail-cloud,len_73_trial5_77_ipsae_min_0.651014_ipsae_max_0.876468,False,None,,True,95.23997391658958,,,,
steady-zebra-onyx,len_162_trial6_12_ipsae_min_0.687073_ipsae_max_0.769829,False,None,,True,224.88866666843256,,,,
deep-panda-ash,rank_810_2vsmprot_008_2vsmprot_008_0.8337_0.3793,False,None,,True,389.71176063508807,,,,
solid-crane-snow,structure_B,False,None,,True,259.8503474010122,,,,
golden-jaguar-thorn,2abc27_mut2,False,None,,True,330.3244975535677,,,,
dark-panther-wave,renewed_torricelli_163,False,None,,True,330.536823735217,,,,
strong-bat-cypress,test_bml_8,False,None,,True,343.9296421684297,,,,
quiet-hawk-maple,nipah_369_349_371_378_16_model_1_chainA,False,None,,True,100.46230934875996,,,,
vast-otter-cloud,EVX4,False,None,,True,70.683375220756,,,,
calm-zebra-birch,2VSM_scFv_1,False,None,,False,77.83305874999995,,,,
steady-goat-ruby,Ariax-BG-VHH-8,False,None,,True,67.8790676570951,,,,
rough-panther-bronze,Ariax-BG-VHH-6,False,None,,True,63.11068202371423,,,,
young-orca-onyx,prot,False,None,,False,32.889845,,,,
calm-bat-opal,prot,False,None,,True,132.76581978106532,,,,
calm-bear-cloud,nipah_scfv_s881978_abmpnn_3,False,None,,True,102.26355245421612,,,,
amber-heron-pine,Variant_arom_patch,False,None,,False,28.720403750000003,,,,
pale-vole-vine,Variant_paratope_mimetic,False,None,,False,29.416503,,,,
green-mole-clay,Variant_w_gateway,False,None,,True,28.92090125,,,,
mellow-otter-leaf,Variant_dual_helix,False,None,,True,29.290474379628773,,,,
soft-fox-ruby,Variant_supercharged,False,None,,True,42.98852931837368,,,,
noble-jaguar-ash,Variant_aromatic_triad,False,None,,True,28.6333195,,,,
ivory-goat-sand,Variant_paratope,False,None,,True,28.10206753515217,,,,
soft-shark-clay,Variant_elec_ring,False,None,,True,87.62916243867421,,,,
wild-falcon-birch,8xpyB|top2|fix_TIMED-Charge_temp_0.1_n_5000_chainB.fasta,False,None,,True,45.95118899999996,,,,
noble-deer-stone,Ariax-BCMP-1,False,None,,True,72.15808810814534,,,,
pale-hawk-lava,Ariax-BCMP-8,False,None,,True,447.0713238608069,,,,
azure-ibis-pearl,Ariax-BCMP-2,False,None,,True,119.52339469582536,,,,
wild-heron-snow,2vsm_small_epitope8_rank_4,False,None,,True,126.30272041939963,,,,
rough-toad-marble,seq8,False,None,,True,339.745944,,,,
violet-yak-maple,seq42,False,None,,True,48.24924082176024,,,,
violet-bear-plume,seq43,False,None,,True,40.68162499999998,,,,
silent-dove-onyx,seq37,False,None,,True,19.9736925,,,,
pale-orca-oak,seq40,False,None,,True,19.9736925,,,,
ivory-shark-ivy,seq33,False,None,,True,19.9736925,,,,
strong-dove-cedar,seq24,False,None,,True,20.03615825,,,,
mellow-goat-ruby,seq10,False,None,,True,338.574861,,,,
scarlet-swan-quartz,nipah_378_98_model_0_7,False,None,,True,305.5929772811586,,,,
rapid-otter-crystal,n7,False,None,,False,70.21559975000002,,,,
lunar-eagle-leaf,n4,False,None,,True,63.92265899999997,,,,
quiet-mole-ruby,n1,False,None,,False,49.01161199999997,,,,
azure-lion-willow,N237_batch_5_112_5,True,Strong,{'url': 'https://proteinbase-pub.t3.storage.dev/kinetic-curves/019bf048-006b-9a0e-94c9-2c5e292099d1.json'},True,441.5923409999999,5.10411448520573e-08,0.000390006447995042,5006.98057046235,None
noble-swan-fern,N1024,True,Strong,{'url': 'https://proteinbase-pub.t3.storage.dev/kinetic-curves/019bf048-006c-5c5b-6b57-d5ab144711bb.json'},True,338.5558872922507,4.17451882975037e-08,0.000481236390583786,13934.3898634694,
crimson-falcon-ivy,N1027,True,Strong,{'url': 'https://proteinbase-pub.t3.storage.dev/kinetic-curves/019bf048-006c-7f9d-7ed2-9358819cb7df.json'},True,419.5554719999998,3.10099705306186e-08,0.000289357083902803,6156.58586927705,
dark-bear-frost,N1029,True,Strong,{'url': 'https://proteinbase-pub.t3.storage.dev/kinetic-curves/019bf048-006c-5236-0968-c287ed255cfe.json'},True,350.8983507634252,5.41579442001967e-08,0.000466461351818353,10371.1298106736,
radiant-goat-ivy,N1023,True,Medium,{'url': 'https://proteinbase-pub.t3.storage.dev/kinetic-curves/019bf048-006b-ff79-1c80-2ad1be59f5d0.json'},True,70.22324191398076,1.4615723470605e-07,0.000809987204771611,4350.41345117303,
young-otter-opal,traj_362_1_s,False,None,,True,227.45213987761767,,,,
crimson-seal-cedar,NiVG_Binder_42_DivyanB,False,None,,True,436.9957199999999,,,,
shy-seal-oak,NiVG_Binder_41_DivyanB,False,None,,True,238.06616520344824,,,,
crimson-swan-oak,NiVG_Binder_34_DivyanB,False,None,,True,115.08783416540986,,,,
silent-seal-orchid,nipah_scfv_s967801_abmpnn_2,False,None,,True,108.32507194403443,,,,
small-cobra-marble,nipah_scfv_s967801_abmpnn_3,False,None,,True,132.88540631012947,,,,
deep-crow-ivy,Andrejs_Tucs_seq10,True,Strong,{'url': 'https://proteinbase-pub.t3.storage.dev/kinetic-curves/019bf048-006d-8b6d-efb4-eee6cbf1c12a.json'},True,52.37231424999997,2.75397322591136e-08,0.000794870718833857,27144.3024185851,
bright-swan-oak,Andrejs_Tucs_seq7,False,None,,True,52.16454325,,,,
rough-lynx-pearl,6,False,None,,False,53.10328925,,,,
rough-eagle-birch,nb_cond_optioned_3983,False,None,,False,47.267033135829806,,,,
pale-wolf-maple,t01_interface2fix_renumbered_t01fix2763,True,Strong,{'url': 'https://proteinbase-pub.t3.storage.dev/kinetic-curves/019bf048-006d-0c2e-2409-2b60b40e775c.json'},True,150.99108488114172,3.03462616635723e-08,0.000289172711148269,10813.430076937,
swift-ox-dust,t03_interface2fix_renumbered_t03fix2949,False,None,,True,96.03819658153508,,,,
radiant-bear-leaf,t03_interface2fix_renumbered_t03fix2279,True,Medium,{'url': 'https://proteinbase-pub.t3.storage.dev/kinetic-curves/019bf048-006e-9e9f-451b-1cba119d962d.json'},True,379.8876771417645,5.30786901726602e-08,0.000248949324318251,4005.81870295804,
vast-bat-ash,t03_interface2fix_renumbered_t03fix2412,True,Strong,{'url': 'https://proteinbase-pub.t3.storage.dev/kinetic-curves/019bf048-006c-9361-7509-c70bf4cc9df7.json'},True,269.784810214329,3.86998182779107e-08,0.00032166443560564,12119.3109074959,
vast-ox-pine,t03_interface1fix_renumbered_t03fix1701,True,Strong,{'url': 'https://proteinbase-pub.t3.storage.dev/kinetic-curves/019bf048-006c-c29a-37d1-b768ad3e2af6.json'},True,423.96580799999975,2.594261556749e-08,0.000310744250164678,12894.0792380461,None
violet-lynx-reed,N1011,True,Strong,{'url': 'https://proteinbase-pub.t3.storage.dev/kinetic-curves/019bf048-0069-fe15-c5e9-a1a5fcab1d1f.json'},True,372.4458874707066,8.37101005444424e-08,0.000474630036012703,7479.87151967297,
scarlet-boar-quartz,N1018,True,Strong,{'url': 'https://proteinbase-pub.t3.storage.dev/kinetic-curves/019bf048-006b-84f2-c70c-07ba5aa1a22a.json'},True,434.3000039999997,3.05663036302292e-08,0.000314315976457811,7494.05348305331,
frozen-raven-maple,N1017,True,Medium,{'url': 'https://proteinbase-pub.t3.storage.dev/kinetic-curves/019bf048-006b-d273-f7b0-f1171cc7f8bc.json'},True,271.121361378998,6.05523101720446e-08,0.000338820637010416,5595.50306252132,
bright-moth-stone,N1012,True,Strong,{'url': 'https://proteinbase-pub.t3.storage.dev/kinetic-curves/019bf048-0069-88a8-0b8b-ffc15ad9fd89.json'},True,421.17823199999975,3.4645775478969e-08,0.000505083515505756,15982.5165331667,
radiant-gecko-ruby,N237_batch_4_106_5,True,Medium,{'url': 'https://proteinbase-pub.t3.storage.dev/kinetic-curves/019bf048-006b-3d6f-62cd-99a6a3e51ced.json'},True,485.8949189999997,4.91950824511869e-08,0.000221296092212538,4498.33766275552,
small-fox-wave,N1003,True,Strong,{'url': 'https://proteinbase-pub.t3.storage.dev/kinetic-curves/019bf048-006c-9253-5cb6-1aa8f6012d2b.json'},True,426.54998399999965,4.21826789750021e-08,0.000247841861383128,8392.80899039351,
green-raven-jade,N1010,True,Medium,{'url': 'https://proteinbase-pub.t3.storage.dev/kinetic-curves/019bf048-006c-23d3-37b8-30764c90b662.json'},True,424.3900469999999,2.54038729104775e-07,0.00101137502392369,6480.25071058147,
quick-fox-thorn,N1007,True,Strong,{'url': 'https://proteinbase-pub.t3.storage.dev/kinetic-curves/019bf048-006d-2721-d020-a4f8ebf1c4e8.json'},True,322.2020037097265,6.34052558084372e-08,0.000487807114695568,10952.8455525216,
misty-ox-granite,N1005,True,Strong,{'url': 'https://proteinbase-pub.t3.storage.dev/kinetic-curves/019bf048-006c-50e8-832b-2d1f409460a5.json'},True,60.785510100245865,4.09115965537552e-08,0.000625557262151023,9013.80044699339,
young-zebra-leaf,N1002,True,Medium,{'url': 'https://proteinbase-pub.t3.storage.dev/kinetic-curves/019bf048-006b-5c42-a3c3-b8d50e641ebc.json'},True,411.788309244208,3.34860265864029e-08,0.000319220232870533,7575.80656189244,
scarlet-lion-vine,N1001,True,Strong,{'url': 'https://proteinbase-pub.t3.storage.dev/kinetic-curves/019bf048-006c-5c6d-0f7c-a05e26160b4f.json'},True,439.0127339999997,7.42335249334826e-08,0.000628970511164684,12886.2454854003,
quick-crow-flint,try02_31_01800,False,None,,True,72.32535426984336,,,,
vast-zebra-lotus,287,True,Strong,{'url': 'https://proteinbase-pub.t3.storage.dev/kinetic-curves/019bf048-0070-f121-bfb7-0e995ab93068.json'},True,125.88098725150977,8.37250558181087e-08,0.000681704609802399,25512.978631438,
quiet-cat-ivy,rank_01_NiG_binder_0025_min_ipSAE=0.831254,True,Medium,{'url': 'https://proteinbase-pub.t3.storage.dev/kinetic-curves/019bf048-0071-381c-7395-7aa84d6aa636.json'},True,366.4248977278104,1.12317156599592e-07,0.00313391191150268,25918.1812900976,
amber-crow-willow,rank_16_NiG_binder_0039_min_ipSAE=0.760035,False,None,,True,533.9913839999997,,,,
noble-falcon-bronze,rank_15_NiG_binder_0026_min_ipSAE=0.770445,False,None,,True,448.5514226863532,,,,
deep-crane-ruby,rank_02_NiG_binder_0040_min_ipSAE=0.820341,False,None,,True,531.2194829999999,,,,
quiet-shark-ash,seq7,False,None,,True,452.5932059999997,,,,
rapid-otter-lava,prot_10,False,None,,True,425.7377669999999,,,,
shy-ram-oak,prot_3,False,None,,True,419.5749809999998,,,,
quiet-crane-lava,design0,False,None,,True,74.0271721240063,,,,
pale-cobra-ruby,nipah_102-resample_5,False,None,,True,178.25383660443015,,,,
brisk-mole-granite,nipah_82-resample_0,False,None,,True,511.4614049999994,,,,
young-crane-granite,nipah_69-resample_6,True,Medium,{'url': 'https://proteinbase-pub.t3.storage.dev/kinetic-curves/019bf048-006f-1c93-90aa-f15c81ae6dfd.json'},True,443.400852,1.05209525068359e-07,0.000620399659542122,4725.29654238351,
bright-fox-cypress,try01_13_02800,False,None,,True,202.582023,,,,
jade-seal-lotus,try01_50_03600,False,None,,True,190.723092,,,,
azure-panda-bronze,rank0001_protein_vs_2vsm_1541_chainA,False,None,,True,194.25432157372265,,,,
mellow-tiger-rose,BindCraftseq2,False,None,,True,60.942744671042405,,,,
frozen-raven-lava,rank0010_protein_vs_2vsm_4529_chainA,False,None,,True,450.7799129999995,,,,
steady-hawk-ember,rank0007_protein_vs_2vsm_3317_chainA,False,None,,True,411.0801869999999,,,,
frozen-crane-cypress,BindCraftseq1,False,None,,False,55.08352525,,,,
quick-deer-birch,rank0005_protein_vs_2vsm_0568_chainA,False,None,,True,442.69697399999984,,,,
rapid-swan-leaf,rank0004_protein_vs_2vsm_2349_chainA,False,None,,True,199.6598552872529,,,,
steady-mole-flint,COM03_NIPAH_sample4_mpnn,False,None,,True,512.7644189999996,,,,
lunar-lynx-plume,j,False,None,,True,50.2219715,,,,
ivory-mole-ivy,i,False,None,,True,34.51833406712777,,,,
crimson-ibis-sand,g,False,None,,True,24.97948927296025,,,,
crimson-boar-moss,sbio-nipahgpg-067,False,None,,True,77.7825066608806,,,,
violet-panda-ash,sbio-nipahgpg-076,False,None,,True,110.58219877793957,,,,
swift-panther-sand,sbio-nipahgpg-075,False,None,,True,106.23466910844242,,,,
vast-shark-iron,sbio-nipahgpg-057,False,None,,True,183.27112403919665,,,,
solid-owl-fern,nipah_369_349_371_378_17,False,None,,True,392.9304750576423,,,,
pale-bat-frost,nb_cond_optioned_1339,False,None,,True,177.60253846529304,,,,
crimson-lynx-flint,E2_93_57_14,False,None,,True,56.76002622686883,,,,
small-kiwi-sand,E2_136_100_99,True,Strong,{'url': 'https://proteinbase-pub.t3.storage.dev/kinetic-curves/019bf048-0070-788a-b075-094ca9c3208e.json'},True,59.85420278172767,2.65810649228798e-08,0.000906249722892402,40696.5654060444,
golden-ox-vine,E2_179_143_32,True,Strong,{'url': 'https://proteinbase-pub.t3.storage.dev/kinetic-curves/019bf048-0072-d7f8-f17d-f8fda0f182c3.json'},True,53.079341332935776,6.15077776929095e-09,0.000630667342671758,125740.893948388,
lunar-lynx-rose,E2_68_32_2,True,Strong,{'url': 'https://proteinbase-pub.t3.storage.dev/kinetic-curves/019bf048-0071-abc3-9e7d-76386dffce0c.json'},True,285.2778121574763,2.39501150810338e-09,0.000861201805205758,451863.0935003,
swift-crane-ember,E2_189_153_6,True,Strong,{'url': 'https://proteinbase-pub.t3.storage.dev/kinetic-curves/019bf048-0071-a147-eefd-2d15354191eb.json'},True,183.8479389167898,3.7312046539263e-09,0.00154322841573874,392065.592955182,
deep-orca-granite,E2_136_100_18,True,Strong,{'url': 'https://proteinbase-pub.t3.storage.dev/kinetic-curves/019bf048-0070-dbc0-68a3-ce56bf68746d.json'},True,56.70632395429185,1.10872855912103e-08,0.00248373906242967,104289.374245251,
misty-orca-cedar,AFM_2,False,None,,True,71.01936095908754,,,,
lunar-deer-bronze,AFM_1,False,None,,True,90.52371421867808,,,,
soft-panda-leaf,SG05,False,None,,True,73.80303852519138,,,,
wild-yak-plume,SG10,False,None,,True,341.1562119202386,,,,
calm-crow-thorn,SG07,False,None,,True,175.0778875474021,,,,
misty-vole-sand,SG08,False,None,,True,178.91235361236036,,,,
wild-jaguar-crystal,SG04,False,None,,True,408.43747200000007,,,,
strong-crane-bronze,SG06,False,None,,True,242.9629040601096,,,,
vast-goat-lotus,SG03,False,None,,True,59.01397968708468,,,,
brisk-jaguar-sand,SG02,False,None,,True,42.0341122883998,,,,
green-bear-sand,8XPY_r1_2445_25,False,None,,True,45.35827642641298,,,,
noble-cobra-pearl,nb_cond_scan_3965,False,None,,True,132.1912768619647,,,,
solid-crane-opal,nb_cond_scan_5910,False,None,,True,122.7395260468452,,,,
frozen-panther-snow,D1M9_60_0.05,False,None,,True,246.4058817516704,,,,
crimson-crane-stone,fold_169_seq_0_af2pred,False,None,,True,444.6004949999998,,,,
shy-goat-cypress,fold_9_seq_0_af2pred,False,None,,True,307.08064896306627,,,,
amber-moth-snow,fold_407_seq_1_af2pred,False,None,,True,57.04832081057816,,,,
jade-owl-iron,fold_216_seq_1_af2pred,False,None,,True,614.451102,,,,
calm-falcon-ivy,fold_151_seq_0_af2pred,False,None,,True,364.4896813104356,,,,
azure-orca-dust,fold_66_seq_0_af2pred,False,None,,True,300.76278299999984,,,,
green-orca-thorn,fold_340_seq_0_af2pred,False,None,,True,446.0148059999998,,,,
quiet-swan-pine,epitope_1_34115,False,None,,True,43.78608249999999,,,,
quiet-jaguar-quartz,epitope_1_84162,False,None,,True,49.19297525690794,,,,
wild-lion-oak,epitope_1_213974,False,None,,False,45.25030324999997,,,,
steady-ibis-cloud,epitope_1_47342,False,None,,True,69.69872643783984,,,,
swift-crane-granite,epitope_1_213596,False,None,,True,96.87914990502364,,,,
quick-toad-ivy,traj_295_3,False,None,,True,515.0470568778071,,,,
frozen-panther-cloud,traj_250_4,False,None,,True,377.9697183709697,,,,
deep-mole-iron,prot_mimic_0510,False,None,,True,87.3656531518334,,,,
mellow-orca-dust,epitope_1_157014,False,None,,False,46.83948499999998,,,,
pale-bat-granite,epitope_1_39336,False,None,,True,43.58608599999998,,,,
radiant-panda-rose,epitope_1_18323,False,None,,False,45.81402674999997,,,,
vast-cobra-bronze,soluble_rank006_PMznnT,False,None,,True,69.88708860870844,,,,
strong-dove-rose,soluble_rank004_JaLx3L,False,None,,True,115.84848632577722,,,,
deep-swan-vine,epitope_1_38489,False,None,,True,58.38246630719991,,,,
crimson-crow-stone,px_5,False,None,,True,43.55536593812607,,,,
dark-eagle-wave,px_9,False,None,,True,446.1365879999998,,,,
shy-orca-snow,px_8,False,None,,True,410.1802109999999,,,,
wild-dove-moss,px_6,False,None,,True,79.75079667796054,,,,
mellow-toad-ruby,px_7,False,None,,True,396.06348835843886,,,,
soft-ox-clay,px_0,False,None,,True,434.9067869999998,,,,
quick-boar-fern,px_3,False,None,,True,175.43623462419313,,,,
lunar-quail-dust,px_1,True,Weak,,True,425.5000566426018,,,,
hollow-zebra-crystal,px_2,False,None,,True,44.27998535775023,,,,
ivory-orca-ivy,px_4,True,Medium,{'url': 'https://proteinbase-pub.t3.storage.dev/kinetic-curves/019bf048-0073-c4a4-d783-5a5d383c5da0.json'},True,200.69790586255087,4.95985779342224e-07,0.00210882968931669,4286.1750211963,
lunar-boar-lava,8XPY|single_sequence_kept|sequences:1|length:119,True,Strong,{'url': 'https://proteinbase-pub.t3.storage.dev/kinetic-curves/019bf048-0067-a27d-6c3a-41a658e5f628.json'},True,,1.05826656335778e-08,2.55234771039467e-05,3901.52744461535,
